release_date,release_stem,district,source_format,polarity,subjectivity,positive_count,negative_count,word_count
2010-01-13,201001,Atlanta,legacy,-0.0232558134126555,0.1009389668992043,21,22,426
2010-01-13,201001,Boston,legacy,0.1153846131656805,0.0791476406710081,29,23,657
2010-01-13,201001,Chicago,legacy,-0.0357142850765306,0.0934891484248929,27,29,599
2010-01-13,201001,Cleveland,legacy,-0.1044776103809311,0.1033950615688347,30,37,648
2010-01-13,201001,Dallas,legacy,-0.1168831153651543,0.1066481992982712,34,43,722
2010-01-13,201001,Kansas City,legacy,-0.2894736804016621,0.1386861311337844,27,49,548
2010-01-13,201001,Minneapolis,legacy,-0.1428571387755103,0.0839328535157485,15,20,417
2010-01-13,201001,New York,legacy,-0.1739130396975426,0.0804195802789867,19,27,572
2010-01-13,201001,Philadelphia,legacy,-0.2093023207138995,0.0819047617487528,17,26,525
2010-01-13,201001,Richmond,legacy,0.0149253729115616,0.0930555554263117,34,33,720
2010-01-13,201001,San Francisco,legacy,-0.0943396208615166,0.1045364889456874,24,29,507
2010-01-13,201001,St. Louis,legacy,-0.047619045351474,0.0610465114504461,10,11,344
2010-03-03,201003,Atlanta,legacy,-0.1999999955555556,0.0997782702887399,18,27,451
2010-03-03,201003,Boston,legacy,-0.1594202875446335,0.0922459891814893,29,40,748
2010-03-03,201003,Chicago,legacy,-0.2499999955357143,0.1037037035116598,21,35,540
2010-03-03,201003,Cleveland,legacy,0.1176470570934256,0.0975609754697833,38,30,697
2010-03-03,201003,Dallas,legacy,0.0136986299493338,0.1067251460427994,37,36,684
2010-03-03,201003,Kansas City,legacy,0.0,0.10420168049714,31,31,595
2010-03-03,201003,Minneapolis,legacy,0.09090908815427,0.0694736840642659,18,15,475
2010-03-03,201003,New York,legacy,-0.2549019557862362,0.0800627942228213,19,32,637
2010-03-03,201003,Philadelphia,legacy,-0.0476190468631897,0.1021069690403452,30,33,617
2010-03-03,201003,Richmond,legacy,-0.4492753558076036,0.1008771928349748,19,50,684
2010-03-03,201003,San Francisco,legacy,-0.2195121897679953,0.0840163932704582,16,25,488
2010-03-03,201003,St. Louis,legacy,-0.3939393820018369,0.0753424655814098,10,23,438
2010-04-14,201004,Atlanta,legacy,0.0,0.1116279067171444,24,24,430
2010-04-14,201004,Boston,legacy,-0.0985915479071613,0.0986111109741512,32,39,720
2010-04-14,201004,Chicago,legacy,0.087719296706679,0.1130952378708427,31,26,504
2010-04-14,201004,Cleveland,legacy,0.0158730156210632,0.0960365852194564,32,31,656
2010-04-14,201004,Dallas,legacy,0.1621621599707816,0.1008174385547446,43,31,734
2010-04-14,201004,Kansas City,legacy,0.1594202875446335,0.1096979330529444,40,29,629
2010-04-14,201004,Minneapolis,legacy,0.2352941107266438,0.0709812107077636,21,13,479
2010-04-14,201004,New York,legacy,0.0,0.0966666665055555,29,29,600
2010-04-14,201004,Philadelphia,legacy,0.04999999875,0.0733944952781752,21,19,545
2010-04-14,201004,Richmond,legacy,-0.0153846151479289,0.0916784201809895,32,33,709
2010-04-14,201004,San Francisco,legacy,-0.0434782599243856,0.086629001720096,22,24,531
2010-04-14,201004,St. Louis,legacy,0.0,0.0896358540906558,16,16,357
2010-06-09,201006,Atlanta,legacy,-0.1111111090534979,0.0976491860802003,24,30,553
2010-06-09,201006,Boston,legacy,0.1818181790633609,0.0856031127294382,39,27,771
2010-06-09,201006,Chicago,legacy,0.114754096479441,0.1155303028114956,34,27,528
2010-06-09,201006,Cleveland,legacy,0.152542370295892,0.0874074072779149,34,25,675
2010-06-09,201006,Dallas,legacy,0.1463414616299821,0.1077529564944113,47,35,761
2010-06-09,201006,Kansas City,legacy,0.0163934423542058,0.1079646015788237,31,30,565
2010-06-09,201006,Minneapolis,legacy,0.0810810788897005,0.0747474745964697,20,17,495
2010-06-09,201006,New York,legacy,0.0,0.0641891890807615,19,19,592
2010-06-09,201006,Philadelphia,legacy,0.2765957387958354,0.0665722378660449,30,17,706
2010-06-09,201006,Richmond,legacy,0.1475409811878527,0.0868945867708054,35,26,702
2010-06-09,201006,San Francisco,legacy,0.1304347797731569,0.0884615382914201,26,20,520
2010-06-09,201006,St. Louis,legacy,-0.133333328888889,0.0635593218992387,13,17,472
2010-07-28,201007,Atlanta,legacy,-0.3333333259259261,0.0982532748946435,15,30,458
2010-07-28,201007,Boston,legacy,-0.2753623148498215,0.0867924527210157,25,44,795
2010-07-28,201007,Chicago,legacy,-0.1612903199791883,0.1235059758495897,26,36,502
2010-07-28,201007,Cleveland,legacy,-0.1044776103809311,0.1087662335896652,30,37,616
2010-07-28,201007,Dallas,legacy,0.0410958898480015,0.0960526314525623,38,35,760
2010-07-28,201007,Kansas City,legacy,-0.2452830142399431,0.0972477062435821,20,33,545
2010-07-28,201007,Minneapolis,legacy,0.096774190426639,0.0621242483724965,17,14,499
2010-07-28,201007,New York,legacy,0.04999999875,0.0644122382215584,21,19,621
2010-07-28,201007,Philadelphia,legacy,-0.0689655160523187,0.0859259257986282,27,31,675
2010-07-28,201007,Richmond,legacy,-0.2093023207138995,0.0631424374990566,17,26,681
2010-07-28,201007,San Francisco,legacy,0.024390243307555,0.0797665368097927,21,20,514
2010-07-28,201007,St. Louis,legacy,0.2380952267573701,0.0621301773309758,13,8,338
2010-09-08,201009,Atlanta,legacy,-0.3999999900000002,0.085470085287457,12,28,468
2010-09-08,201009,Boston,legacy,-0.1688311666385563,0.0989717222378255,32,45,778
2010-09-08,201009,Chicago,legacy,-0.0357142850765306,0.1157024790997882,27,29,484
2010-09-08,201009,Cleveland,legacy,0.0980392137639369,0.0781010718558942,28,23,653
2010-09-08,201009,Dallas,legacy,-0.074626864557808,0.0916552666324825,31,36,731
2010-09-08,201009,Kansas City,legacy,-0.2941176427335641,0.1170395867176599,24,44,581
2010-09-08,201009,Minneapolis,legacy,0.0810810788897005,0.0741482964445925,20,17,499
2010-09-08,201009,New York,legacy,-0.3333333263888891,0.0802675583942014,16,32,598
2010-09-08,201009,Philadelphia,legacy,0.1666666620370371,0.0549618319771575,21,15,655
2010-09-08,201009,Richmond,legacy,-0.371428566122449,0.0947225979773713,22,48,739
2010-09-08,201009,San Francisco,legacy,-0.1764705847750866,0.0986460346254428,21,30,517
2010-09-08,201009,St. Louis,legacy,0.0399999984,0.053995680228951,13,12,463
2010-10-20,201010,Atlanta,legacy,-0.4418604548404545,0.1007025758765747,12,31,427
2010-10-20,201010,Boston,legacy,0.0,0.0704441040268849,23,23,653
2010-10-20,201010,Chicago,legacy,0.0,0.0924369745957206,22,22,476
2010-10-20,201010,Cleveland,legacy,-0.3333333271604939,0.0839813373499512,18,36,643
2010-10-20,201010,Dallas,legacy,0.1290322559833507,0.0781841108724033,35,27,793
2010-10-20,201010,Kansas City,legacy,0.2363636320661158,0.0968309857450158,34,21,568
2010-10-20,201010,Minneapolis,legacy,0.0,0.0642570279834196,16,16,498
2010-10-20,201010,New York,legacy,-0.1052631551246538,0.0685920576379204,17,21,554
2010-10-20,201010,Philadelphia,legacy,0.2307692248520712,0.0620031795516642,24,15,629
2010-10-20,201010,Richmond,legacy,-0.0322580639958376,0.0868347337719401,30,32,714
2010-10-20,201010,San Francisco,legacy,-0.1739130396975426,0.0896686158096128,19,27,513
2010-10-20,201010,St. Louis,legacy,0.3913043308128551,0.062499999830163,16,7,368
2010-12-01,201012,Atlanta,legacy,0.0175438593413358,0.1115459880400274,29,28,511
2010-12-01,201012,Boston,legacy,-0.0169491522550991,0.0809327845254694,29,30,729
2010-12-01,201012,Chicago,legacy,0.2156862702806613,0.0909090907470426,31,20,561
2010-12-01,201012,Cleveland,legacy,-0.054545453553719,0.0806451611720745,26,29,682
2010-12-01,201012,Dallas,legacy,-0.0652173905954631,0.1050228309303392,43,49,876
2010-12-01,201012,Kansas City,legacy,0.3770491741467349,0.1119266052992172,42,19,545
2010-12-01,201012,Minneapolis,legacy,0.1111111069958849,0.0523255812939426,15,12,516
2010-12-01,201012,New York,legacy,-0.0454545444214876,0.0791366905051498,21,23,556
2010-12-01,201012,Philadelphia,legacy,-0.1666666631944445,0.0790774298532497,20,28,607
2010-12-01,201012,Richmond,legacy,0.2238805936734239,0.0847029076046739,41,26,791
2010-12-01,201012,San Francisco,legacy,0.0999999975,0.0798403192019155,22,18,501
2010-12-01,201012,St. Louis,legacy,0.0,0.0453608246487405,11,11,485
2011-01-12,201101,Atlanta,old,-0.3207547109291564,0.0933098589906516,18,35,568
2011-01-12,201101,Boston,old,0.074626864557808,0.0930555554263117,36,31,720
2011-01-12,201101,Chicago,old,0.2131147506046762,0.1200787399211048,37,24,508
2011-01-12,201101,Cleveland,old,0.1111111090534979,0.0749999998958333,30,24,720
2011-01-12,201101,Dallas,old,0.3548387039542144,0.1018062395701046,42,20,609
2011-01-12,201101,Kansas City,old,0.2413793061831154,0.1012216403120041,36,22,573
2011-01-12,201101,Minneapolis,old,0.1111111069958849,0.0533596836890124,15,12,506
2011-01-12,201101,New York,old,0.0847457612754955,0.1072727270776859,32,27,550
2011-01-12,201101,Philadelphia,old,0.0232558134126555,0.0690208666628878,22,21,623
2011-01-12,201101,Richmond,old,0.2222222181069959,0.0786026199729219,33,21,687
2011-01-12,201101,San Francisco,old,0.1052631551246538,0.0687160939082891,21,17,553
2011-01-12,201101,St. Louis,old,0.1304347769376184,0.068656716212965,13,10,335
2011-04-13,201104,Atlanta,old,-0.0566037725169099,0.0979667280998766,25,28,541
2011-04-13,201104,Boston,old,-0.199999996923077,0.087837837719138,26,39,740
2011-04-13,201104,Chicago,old,0.0454545444214876,0.0852713176642028,23,21,516
2011-04-13,201104,Cleveland,old,0.2888888824691359,0.0623268697197688,29,16,722
2011-04-13,201104,Dallas,old,0.1948051922752572,0.0994832040058356,46,31,774
2011-04-13,201104,Kansas City,old,0.1940298478503007,0.1163194442425009,40,27,576
2011-04-13,201104,Minneapolis,old,0.0,0.0705882351557093,18,18,510
2011-04-13,201104,New York,old,0.1555555520987655,0.0870406187871554,26,19,517
2011-04-13,201104,Philadelphia,old,-0.0357142850765306,0.0822320116266784,27,29,681
2011-04-13,201104,Richmond,old,0.0793650781053162,0.0782608694679989,34,29,805
2011-04-13,201104,San Francisco,old,-0.2121212056932968,0.0609981514584137,13,20,541
2011-04-13,201104,St. Louis,old,0.047619045351474,0.0634441085696552,11,10,331
2011-06-08,201106,Atlanta,old,-0.1785714253826531,0.1016333936449484,23,33,551
2011-06-08,201106,Boston,old,-0.0645161279916753,0.0843537413818316,29,33,735
2011-06-08,201106,Chicago,old,-0.0163934423542058,0.1008264461143364,30,31,605
2011-06-08,201106,Cleveland,old,0.1153846131656805,0.0727272726255562,29,23,715
2011-06-08,201106,Dallas,old,0.2307692272189349,0.0904033378436671,40,25,719
2011-06-08,201106,Kansas City,old,0.087719296706679,0.1061452511989846,31,26,537
2011-06-08,201106,Minneapolis,old,-0.034482757431629,0.053211009076677,14,15,545
2011-06-08,201106,New York,old,-0.054545453553719,0.0925925924367128,26,29,594
2011-06-08,201106,Philadelphia,old,-0.1666666631944445,0.0715350222480849,20,28,671
2011-06-08,201106,Richmond,old,-0.0303030298438934,0.0936170211438056,32,34,705
2011-06-08,201106,San Francisco,old,-0.0769230749506904,0.0757281551927608,18,21,515
2011-06-08,201106,St. Louis,old,-0.0370370356652949,0.0630841120021399,13,14,428
2011-07-27,201107,Atlanta,old,-0.18518518175583,0.0897009965287359,22,32,602
2011-07-27,201107,Boston,old,-0.3086419714982473,0.1031847132443506,28,53,785
2011-07-27,201107,Chicago,old,-0.1874999970703125,0.115523465495445,26,38,554
2011-07-27,201107,Cleveland,old,-0.2758620642092748,0.0810055864790424,21,37,716
2011-07-27,201107,Dallas,old,-0.0153846151479289,0.0877192981272344,32,33,741
2011-07-27,201107,Kansas City,old,0.0833333321759259,0.1148325357020214,39,33,627
2011-07-27,201107,Minneapolis,old,-0.2258064443288243,0.0630081299532355,12,19,492
2011-07-27,201107,New York,old,-0.2499999955357143,0.0984182775071735,21,35,569
2011-07-27,201107,Philadelphia,old,-0.0740740727023319,0.0967741933749566,25,29,558
2011-07-27,201107,Richmond,old,-0.1475409811878527,0.0773130544013776,26,35,789
2011-07-27,201107,San Francisco,old,-0.1111111086419753,0.0819672129654513,20,25,549
2011-07-27,201107,St. Louis,old,-0.1851851783264748,0.0780346818553911,11,16,346
2011-09-07,201109,Atlanta,old,-0.2727272677685951,0.0968309857450158,20,35,568
2011-09-07,201109,Boston,old,-0.2058823499134948,0.0918918917677136,27,41,740
2011-09-07,201109,Chicago,old,-0.3548387039542144,0.1135531133451408,20,42,546
2011-09-07,201109,Cleveland,old,-0.1641791020271776,0.0912806538265931,28,39,734
2011-09-07,201109,Dallas,old,-0.1388888869598765,0.095999999872,31,41,750
2011-09-07,201109,Kansas City,old,-0.1076923060355029,0.1030110933391266,29,36,631
2011-09-07,201109,Minneapolis,old,-0.1724137871581452,0.057999999884,12,17,500
2011-09-07,201109,New York,old,-0.3529411712802769,0.1069182388256002,22,46,636
2011-09-07,201109,Philadelphia,old,-0.1320754692061232,0.0924956368368313,23,30,573
2011-09-07,201109,Richmond,old,-0.380281684784765,0.0969945353866195,22,49,732
2011-09-07,201109,San Francisco,old,0.0,0.079999999847619,21,21,525
2011-09-07,201109,St. Louis,old,0.2413793020214033,0.0626349890655831,18,11,463
2011-10-19,201110,Atlanta,old,-0.2203389793162884,0.0954692555089494,23,36,618
2011-10-19,201110,Boston,old,-0.3164556921967634,0.0988735918662408,27,52,799
2011-10-19,201110,Chicago,old,-0.0666666655555555,0.1069518714671089,28,32,561
2011-10-19,201110,Cleveland,old,-0.2187499965820313,0.0888888887654321,25,39,720
2011-10-19,201110,Dallas,old,-0.2753623148498215,0.0954356845153033,25,44,723
2011-10-19,201110,Kansas City,old,-0.3214285656887756,0.1009009007190974,19,37,555
2011-10-19,201110,Minneapolis,old,0.0,0.035363457690838,9,9,509
2011-10-19,201110,New York,old,0.0666666655555555,0.0961538459997534,32,28,624
2011-10-19,201110,Philadelphia,old,-0.1142857126530612,0.1234567899057199,31,39,567
2011-10-19,201110,Richmond,old,-0.2790697641968632,0.1116883115432619,31,55,770
2011-10-19,201110,San Francisco,old,-0.0833333315972222,0.0903954800557523,22,26,531
2011-10-19,201110,St. Louis,old,0.1111111049382719,0.0562499998242187,10,8,320
2011-11-30,201111,Atlanta,old,-0.292307687810651,0.0992366410698677,23,42,655
2011-11-30,201111,Boston,old,-0.0624999990234375,0.076281287155803,30,34,839
2011-11-30,201111,Chicago,old,-0.1599999968,0.0994035783312056,21,29,503
2011-11-30,201111,Cleveland,old,-0.163636360661157,0.0800582240464945,23,32,687
2011-11-30,201111,Dallas,old,0.0566037725169099,0.0794602697459366,28,25,667
2011-11-30,201111,Kansas City,old,0.1212121193755739,0.124060150142744,37,29,532
2011-11-30,201111,Minneapolis,old,-0.09090908815427,0.0642023345054429,15,18,514
2011-11-30,201111,New York,old,-0.0999999975,0.0831600829871931,18,22,481
2011-11-30,201111,Philadelphia,old,-0.0999999983333333,0.0961538459997534,27,33,624
2011-11-30,201111,Richmond,old,-0.0491803270626175,0.0899705013422264,29,32,678
2011-11-30,201111,San Francisco,old,-0.1627906938885885,0.076512455379871,18,25,562
2011-11-30,201111,St. Louis,old,-0.0769230739644971,0.0571428570172684,12,14,455
2012-01-11,201201,Atlanta,old,0.1219512180249851,0.120588235116782,46,36,680
2012-01-11,201201,Boston,old,-0.15662650413703,0.1079323795735599,35,48,769
2012-01-11,201201,Chicago,old,0.102040814244065,0.097999999804,27,22,500
2012-01-11,201201,Cleveland,old,-0.1562499975585937,0.0948148146743484,27,37,675
2012-01-11,201201,Dallas,old,0.0,0.0880330122585515,32,32,727
2012-01-11,201201,Kansas City,old,-0.0666666657777777,0.1308900521275915,35,40,573
2012-01-11,201201,Minneapolis,old,0.0,0.0446247463597875,11,11,493
2012-01-11,201201,New York,old,0.1794871748849442,0.0787878786287113,23,16,495
2012-01-11,201201,Philadelphia,old,-0.1944444417438272,0.1168831166933715,29,43,616
2012-01-11,201201,Richmond,old,-0.2676056300337235,0.0898734176077551,26,45,790
2012-01-11,201201,San Francisco,old,-0.2571428497959186,0.0666666665396825,13,22,525
2012-01-11,201201,St. Louis,old,0.1249999921875004,0.0512820511176857,9,7,312
2012-02-29,201202,Atlanta,old,0.1267605615949216,0.11359999981824,40,31,625
2012-02-29,201202,Boston,old,-0.0512820506245891,0.0905923343895559,37,41,861
2012-02-29,201202,Chicago,old,-0.0175438593413358,0.1073446325662059,28,29,531
2012-02-29,201202,Cleveland,old,0.1111111093474427,0.089108910765051,35,28,707
2012-02-29,201202,Dallas,old,0.4642857059948981,0.0753701210291115,41,15,743
2012-02-29,201202,Kansas City,old,0.1351351333089847,0.1225165560885487,42,32,604
2012-02-29,201202,Minneapolis,old,0.0,0.0546874998931884,14,14,512
2012-02-29,201202,New York,old,0.0952380929705216,0.0884210524454293,23,19,475
2012-02-29,201202,Philadelphia,old,0.2363636320661158,0.0938566551299374,34,21,586
2012-02-29,201202,Richmond,old,0.0,0.0664961635978309,26,26,782
2012-02-29,201202,San Francisco,old,-0.020408162848813,0.0887681157812171,24,25,552
2012-02-29,201202,St. Louis,old,0.3043478128544429,0.0504385963806171,15,8,456
2012-04-11,201204,Atlanta,old,0.0571428563265306,0.1037037035500685,37,33,675
2012-04-11,201204,Boston,old,-0.1714285689795918,0.087499999890625,29,41,800
2012-04-11,201204,Chicago,old,0.0645161279916753,0.1085814358868976,33,29,571
2012-04-11,201204,Cleveland,old,0.063829785875962,0.0677233428418972,25,22,694
2012-04-11,201204,Dallas,old,0.0793650781053162,0.0846774192410249,34,29,744
2012-04-11,201204,Kansas City,old,0.24999999609375,0.1068447410570204,40,24,599
2012-04-11,201204,Minneapolis,old,-0.1851851783264748,0.0543259556250986,11,16,497
2012-04-11,201204,New York,old,0.1999999933333335,0.0610997962095727,18,12,491
2012-04-11,201204,Philadelphia,old,0.1481481454046639,0.0974729240117817,31,23,554
2012-04-11,201204,Richmond,old,0.1733333310222222,0.0977835722323551,44,31,767
2012-04-11,201204,San Francisco,old,-0.0416666657986111,0.0869565215816005,23,25,552
2012-04-11,201204,St. Louis,old,0.7647058373702448,0.050147492477441,15,2,339
2012-06-06,201206,Atlanta,old,0.1923076886094675,0.0798771120124775,31,21,651
2012-06-06,201206,Boston,old,-0.0793650781053162,0.0899999998714285,29,34,700
2012-06-06,201206,Chicago,old,-0.0697674402379665,0.0875763745670542,20,23,491
2012-06-06,201206,Cleveland,old,0.0163934423542058,0.085434173549812,31,30,714
2012-06-06,201206,Dallas,old,0.3220338928468831,0.0784574467041789,39,20,752
2012-06-06,201206,Kansas City,old,0.1599999968,0.0869565215879017,29,21,575
2012-06-06,201206,Minneapolis,old,0.2352941107266438,0.0599647265256354,21,13,567
2012-06-06,201206,New York,old,-0.1764705830449828,0.0647619046385487,14,20,525
2012-06-06,201206,Philadelphia,old,0.0,0.1168384877717551,34,34,582
2012-06-06,201206,Richmond,old,-0.1014492738920395,0.0985714284306122,31,38,700
2012-06-06,201206,San Francisco,old,-0.024390243307555,0.0791505789977788,20,21,518
2012-06-06,201206,St. Louis,old,0.5384615177514801,0.0568927788689435,20,6,457
2012-07-18,201207,Atlanta,old,0.0181818178512396,0.0884244371568739,28,27,622
2012-07-18,201207,Boston,old,-0.0909090892561983,0.0918196993458769,25,30,599
2012-07-18,201207,Chicago,old,0.0,0.1064220181533541,29,29,545
2012-07-18,201207,Cleveland,old,-0.1724137901307967,0.0878787877456382,24,34,660
2012-07-18,201207,Dallas,old,0.1578947340720222,0.07862068954673,33,24,725
2012-07-18,201207,Kansas City,old,0.1076923060355029,0.1045016075490327,36,29,622
2012-07-18,201207,Minneapolis,old,-0.0555555540123457,0.0646319567959929,17,19,557
2012-07-18,201207,New York,old,-0.1249999960937501,0.0704845813425449,14,18,454
2012-07-18,201207,Philadelphia,old,0.0149253729115616,0.1124161071939327,34,33,596
2012-07-18,201207,Richmond,old,-0.1641791020271776,0.0874673628100948,28,39,766
2012-07-18,201207,San Francisco,old,-0.0769230749506904,0.0731707315700361,18,21,533
2012-07-18,201207,St. Louis,old,0.7777777345679036,0.0529411763148788,16,2,340
2012-08-29,201208,Atlanta,old,0.1562499975585937,0.0977099235149466,37,27,655
2012-08-29,201208,Boston,old,-0.2957746437214839,0.0918499351981242,25,46,773
2012-08-29,201208,Chicago,old,-0.0799999984,0.0978473579298486,23,27,511
2012-08-29,201208,Cleveland,old,-0.0153846151479289,0.0939306357024123,32,33,692
2012-08-29,201208,Dallas,old,0.0322580639958376,0.0796915166070803,32,30,778
2012-08-29,201208,Kansas City,old,0.1076923060355029,0.1077943613469413,36,29,603
2012-08-29,201208,Minneapolis,old,-0.133333328888889,0.0584795320497475,13,17,513
2012-08-29,201208,New York,old,-0.0714285688775511,0.0578512395498941,13,15,484
2012-08-29,201208,Philadelphia,old,-0.0158730156210632,0.101286173470601,31,32,622
2012-08-29,201208,Richmond,old,-0.2394366163459631,0.0971272228493471,27,44,731
2012-08-29,201208,San Francisco,old,-0.2682926763831054,0.0810276678240559,15,26,506
2012-08-29,201208,St. Louis,old,0.3333333222222225,0.0628930816291549,20,10,477
2012-10-10,201210,Atlanta,old,0.1063829764599366,0.0732087226274007,26,21,642
2012-10-10,201210,Boston,old,-0.3230769181065089,0.0859788358651073,22,43,756
2012-10-10,201210,Chicago,old,-0.2602739690373429,0.1346863466149698,27,46,542
2012-10-10,201210,Cleveland,old,-0.163636360661157,0.0777934935250445,23,32,707
2012-10-10,201210,Dallas,old,0.0769230757396449,0.0931232090356401,35,30,698
2012-10-10,201210,Kansas City,old,-0.1714285689795918,0.1111111109347442,29,41,630
2012-10-10,201210,Minneapolis,old,-0.0769230739644971,0.0489642183635325,12,14,531
2012-10-10,201210,New York,old,-0.2432432366691017,0.0738522952617718,14,23,501
2012-10-10,201210,Philadelphia,old,0.0909090892561983,0.0918196993458769,30,25,599
2012-10-10,201210,Richmond,old,-0.1612903199791883,0.0857538034775189,26,36,723
2012-10-10,201210,San Francisco,old,0.2592592496570648,0.0598669621732439,17,10,451
2012-10-10,201210,St. Louis,old,0.684210490304711,0.0526315788015745,16,3,361
2012-11-28,201211,Atlanta,old,0.1627906938885885,0.0653495439736329,25,18,658
2012-11-28,201211,Boston,old,-0.2962962908093279,0.0748959777047212,19,35,721
2012-11-28,201211,Chicago,old,-0.138461536331361,0.1114922811123631,28,37,583
2012-11-28,201211,Cleveland,old,-0.1874999970703125,0.0897615707015966,26,38,713
2012-11-28,201211,Dallas,old,-0.1688311666385563,0.109843081155716,32,45,701
2012-11-28,201211,Kansas City,old,-0.0144927534131485,0.1090047391642895,34,35,633
2012-11-28,201211,Minneapolis,old,-0.1666666620370371,0.0642857141709183,15,21,560
2012-11-28,201211,New York,old,-0.5324675255523699,0.1353251315723635,18,59,569
2012-11-28,201211,Philadelphia,old,-0.3643410824469683,0.1610486889375172,41,88,801
2012-11-28,201211,Richmond,old,-0.1999999971428571,0.0947225979773713,28,42,739
2012-11-28,201211,San Francisco,old,0.0476190464852608,0.080152671602762,22,20,524
2012-11-28,201211,St. Louis,old,0.6296296063100145,0.0560165973941564,22,5,482
2013-01-16,201301,Atlanta,old,0.2830188625845498,0.0864600324853833,34,19,613
2013-01-16,201301,Boston,old,-0.3972602685306812,0.1025280897436403,22,51,712
2013-01-16,201301,Chicago,old,-0.199999996923077,0.1031746030108339,26,39,630
2013-01-16,201301,Cleveland,old,-0.142857139941691,0.0680555554610339,21,28,720
2013-01-16,201301,Dallas,old,0.1142857126530612,0.0938337800350753,39,31,746
2013-01-16,201301,Kansas City,old,0.0769230759368836,0.1266233764178192,42,36,616
2013-01-16,201301,Minneapolis,old,-0.3043478128544429,0.0415913199971223,8,15,553
2013-01-16,201301,New York,old,-0.238095232426304,0.0895522386150272,16,26,469
2013-01-16,201301,Philadelphia,old,-0.0370370363511659,0.077142857032653,26,28,700
2013-01-16,201301,Richmond,old,-0.1466666647111111,0.0946969695774028,32,43,792
2013-01-16,201301,San Francisco,old,0.1428571387755103,0.0673076921782544,20,15,520
2013-01-16,201301,St. Louis,old,0.8095237709750585,0.060518731814067,19,2,347
2013-03-06,201303,Atlanta,old,0.3199999936000001,0.082781456816587,33,17,604
2013-03-06,201303,Boston,old,-0.24999999609375,0.0799001247441946,24,40,801
2013-03-06,201303,Chicago,old,-0.1562499975585937,0.104065040481195,27,37,615
2013-03-06,201303,Cleveland,old,-0.2727272685950413,0.0883534135363408,24,42,747
2013-03-06,201303,Dallas,old,-0.0188679241723033,0.0824261273990262,26,27,643
2013-03-06,201303,Kansas City,old,0.0909090892561983,0.0953206237516107,30,25,577
2013-03-06,201303,Minneapolis,old,-0.1282051249178173,0.074003794925989,17,22,527
2013-03-06,201303,New York,old,0.1282051249178173,0.068421052511542,22,17,570
2013-03-06,201303,Philadelphia,old,0.2075471658953365,0.0781710913301311,32,21,678
2013-03-06,201303,Richmond,old,-0.0937499985351562,0.0885200552026002,29,35,723
2013-03-06,201303,San Francisco,old,0.1489361670439113,0.0857664232011561,27,20,548
2013-03-06,201303,St. Louis,old,0.599999976000001,0.0514403291122627,20,5,486
2013-04-17,201304,Atlanta,old,0.3333333280423281,0.0966257667229666,42,21,652
2013-04-17,201304,Boston,old,0.0,0.0905349792996776,33,33,729
2013-04-17,201304,Chicago,old,0.0943396208615166,0.0933098589906516,29,24,568
2013-04-17,201304,Cleveland,old,-0.1372548992695118,0.0673712020246087,22,29,757
2013-04-17,201304,Dallas,old,0.2799999944000001,0.0707213577500405,32,18,707
2013-04-17,201304,Kansas City,old,0.3333333282828283,0.1029641184041121,44,22,641
2013-04-17,201304,Minneapolis,old,-0.1874999941406252,0.065979381307259,13,19,485
2013-04-17,201304,New York,old,0.0,0.067289719500393,18,18,535
2013-04-17,201304,Philadelphia,old,0.2444444390123458,0.072347266764715,28,17,622
2013-04-17,201304,Richmond,old,0.0,0.0867132865920093,31,31,715
2013-04-17,201304,San Francisco,old,-0.1052631551246538,0.0739299609456615,17,21,514
2013-04-17,201304,St. Louis,old,0.9999999333333378,0.044776119269325,15,0,335
2013-06-05,201306,Atlanta,old,0.4181818105785125,0.0889967636100376,39,16,618
2013-06-05,201306,Boston,old,0.0,0.0952380951085196,35,35,735
2013-06-05,201306,Chicago,old,-0.2394366163459631,0.1175496686795535,27,44,604
2013-06-05,201306,Cleveland,old,-0.0136986299493338,0.0945595853697414,36,37,772
2013-06-05,201306,Dallas,old,0.1874999970703125,0.093979441859061,38,26,681
2013-06-05,201306,Kansas City,old,0.0882352928200692,0.1047765791914074,37,31,649
2013-06-05,201306,Minneapolis,old,-0.1874999941406252,0.0643863177778947,13,19,497
2013-06-05,201306,New York,old,0.1851851783264748,0.0515267174589184,16,11,524
2013-06-05,201306,Philadelphia,old,0.3818181748760332,0.0832072615987787,38,17,661
2013-06-05,201306,Richmond,old,-0.1044776103809311,0.0875816992319193,30,37,765
2013-06-05,201306,San Francisco,old,-0.4054053944485029,0.0711538460170118,11,26,520
2013-06-05,201306,St. Louis,old,0.4117646937716266,0.0731182794126488,24,10,465
2013-07-17,201307,Atlanta,old,0.3962264076183697,0.0876033056403251,37,16,605
2013-07-17,201307,Boston,old,0.0,0.0620384046350983,21,21,677
2013-07-17,201307,Chicago,old,0.152542370295892,0.1057347668356007,34,25,558
2013-07-17,201307,Cleveland,old,-0.0303030298438934,0.0967741934064894,32,34,682
2013-07-17,201307,Dallas,old,0.2786885200214997,0.086402266166569,39,22,706
2013-07-17,201307,Kansas City,old,0.1764705847750866,0.0909090907470426,30,21,561
2013-07-17,201307,Minneapolis,old,-0.1999999933333335,0.0575815737858319,12,18,521
2013-07-17,201307,New York,old,0.1034482722948871,0.0605427973683866,16,13,479
2013-07-17,201307,Philadelphia,old,0.2142857104591837,0.0860215052442066,34,22,651
2013-07-17,201307,Richmond,old,0.142857139941691,0.0672153634194576,28,21,729
2013-07-17,201307,San Francisco,old,0.0270270262965668,0.0732673265875894,19,18,505
2013-07-17,201307,St. Louis,old,0.9047618616780064,0.0636363634435261,20,1,330
2013-09-04,201309,Atlanta,old,0.0869565198487713,0.0794473228334243,25,21,579
2013-09-04,201309,Boston,old,0.061224488546439,0.0843373492524314,26,23,581
2013-09-04,201309,Chicago,old,0.0952380929705216,0.079999999847619,23,19,525
2013-09-04,201309,Cleveland,old,-0.1466666647111111,0.0925925924782807,32,43,810
2013-09-04,201309,Dallas,old,0.1153846131656805,0.0820189273154275,29,23,634
2013-09-04,201309,Kansas City,old,-0.0144927534131485,0.1086614171517143,34,35,635
2013-09-04,201309,Minneapolis,old,-0.062499998046875,0.0594795537927889,15,17,538
2013-09-04,201309,New York,old,0.096774190426639,0.063524590033761,17,14,488
2013-09-04,201309,Philadelphia,old,0.0833333315972222,0.0695652172904851,26,22,690
2013-09-04,201309,Richmond,old,-0.3134328311427936,0.0880420498186044,23,44,761
2013-09-04,201309,San Francisco,old,0.1363636332644628,0.0869565215672796,25,19,506
2013-09-04,201309,St. Louis,old,0.7241379060642101,0.0629067243754734,25,4,461
2013-10-16,201310,Atlanta,old,0.191489357627886,0.0754414123989704,28,19,623
2013-10-16,201310,Boston,old,-0.2054794492400075,0.0897908977985351,29,44,813
2013-10-16,201310,Chicago,old,-0.0175438593413358,0.1085714283646258,28,29,525
2013-10-16,201310,Cleveland,old,-0.0447761187346847,0.0833333332296849,32,35,804
2013-10-16,201310,Dallas,old,0.1666666638888889,0.0827586205755053,35,25,725
2013-10-16,201310,Kansas City,old,0.0357142850765306,0.0884676143942059,29,27,633
2013-10-16,201310,Minneapolis,old,-0.189189184075968,0.067028985385817,15,22,552
2013-10-16,201310,New York,old,0.0,0.0754716979708081,20,20,530
2013-10-16,201310,Philadelphia,old,0.0645161279916753,0.0884450783331739,33,29,701
2013-10-16,201310,Richmond,old,-0.0410958898480015,0.0922882426140477,35,38,791
2013-10-16,201310,San Francisco,old,0.0232558134126555,0.0732538329246101,22,21,587
2013-10-16,201310,St. Louis,old,0.7894736426592819,0.0517711170251468,17,2,367
2013-12-04,201312,Atlanta,old,0.0566037725169099,0.084260731185595,28,25,629
2013-12-04,201312,Boston,old,-0.073170730814991,0.1018633539107287,38,44,805
2013-12-04,201312,Chicago,old,-0.1489361670439113,0.0878504671255131,20,27,535
2013-12-04,201312,Cleveland,old,0.0,0.0775401068482084,29,29,748
2013-12-04,201312,Dallas,old,0.2121212089072544,0.0916666665393518,40,26,720
2013-12-04,201312,Kansas City,old,0.1666666638888889,0.1020408161529918,35,25,588
2013-12-04,201312,Minneapolis,old,0.0,0.0620437955072193,17,17,548
2013-12-04,201312,New York,old,-0.266666657777778,0.0606060604836241,11,19,495
2013-12-04,201312,Philadelphia,old,0.0,0.0730337077625931,26,26,712
2013-12-04,201312,Richmond,old,0.0985915479071613,0.0851318943823358,39,32,834
2013-12-04,201312,San Francisco,old,-0.1282051249178173,0.0724907061849615,17,22,538
2013-12-04,201312,St. Louis,old,0.3793103317479195,0.0617021275282933,20,9,470
2014-01-15,201401,Atlanta,old,0.358490559273763,0.084260731185595,36,17,629
2014-01-15,201401,Boston,old,0.0689655160523187,0.0728643215165021,31,27,796
2014-01-15,201401,Chicago,old,0.2075471658953365,0.0921739128831758,32,21,575
2014-01-15,201401,Cleveland,old,-0.073170730814991,0.1056701029566107,38,44,776
2014-01-15,201401,Dallas,old,0.2972972932797663,0.0993288589270753,48,26,745
2014-01-15,201401,Kansas City,old,-0.0476190468631897,0.1051752919780045,30,33,599
2014-01-15,201401,Minneapolis,old,0.1851851783264748,0.0510396974460497,16,11,529
2014-01-15,201401,New York,old,-0.2499999937500001,0.0793650792076089,15,25,504
2014-01-15,201401,Philadelphia,old,0.2222222191358025,0.0980926429181299,44,28,734
2014-01-15,201401,Richmond,old,0.0,0.0819277107446654,34,34,830
2014-01-15,201401,San Francisco,old,-0.024390243307555,0.0767790260734475,20,21,534
2014-01-15,201401,St. Louis,old,0.5789473379501401,0.0510752686799051,15,4,372
2014-03-05,201403,Atlanta,old,-0.0175438593413358,0.09119999985408,28,29,625
2014-03-05,201403,Boston,old,-0.1428571408163265,0.090322580528616,30,40,775
2014-03-05,201403,Chicago,old,-0.1948051922752572,0.1258169932584689,31,46,612
2014-03-05,201403,Cleveland,old,-0.1228070153893506,0.0749999999013157,25,32,760
2014-03-05,201403,Dallas,old,0.2580645119667014,0.0862308760970363,39,23,719
2014-03-05,201403,Kansas City,old,0.4117646978085353,0.0879310343311533,36,15,580
2014-03-05,201403,Minneapolis,old,0.1304347769376184,0.0444015443158271,13,10,518
2014-03-05,201403,New York,old,-0.2363636320661158,0.107212475424537,21,34,513
2014-03-05,201403,Philadelphia,old,-0.2051282024983564,0.1111111109528331,31,47,702
2014-03-05,201403,Richmond,old,-0.1714285689795918,0.0891719744086981,29,41,785
2014-03-05,201403,San Francisco,old,-0.0256410249835634,0.0734463275452988,19,20,531
2014-03-05,201403,St. Louis,old,-0.034482757431629,0.0581162323484644,14,15,499
2014-04-16,201404,Atlanta,old,0.0322580639958376,0.0965732085723158,32,30,642
2014-04-16,201404,Boston,old,-0.1343283562040544,0.0872395832197401,29,38,768
2014-04-16,201404,Chicago,old,-0.0212765952919873,0.09021113226447,23,24,521
2014-04-16,201404,Cleveland,old,-0.3333333287037038,0.1032998563797706,24,48,697
2014-04-16,201404,Dallas,old,0.2413793061831154,0.0806675937681952,36,22,719
2014-04-16,201404,Kansas City,old,0.4230769149408285,0.0859504130810736,37,15,605
2014-04-16,201404,Minneapolis,old,-0.2413793020214033,0.0547169810288358,11,18,530
2014-04-16,201404,New York,old,0.0769230749506904,0.0724907061849615,21,18,538
2014-04-16,201404,Philadelphia,old,0.2394366163459631,0.0930537351336124,44,27,763
2014-04-16,201404,Richmond,old,-0.1884057943709305,0.0947802196500271,28,41,728
2014-04-16,201404,San Francisco,old,0.0869565198487713,0.0811287476523302,25,21,567
2014-04-16,201404,St. Louis,old,0.142857136054422,0.0594900848173085,12,9,353
2014-06-04,201406,Atlanta,old,0.5555555432098769,0.0762711863114047,35,10,590
2014-06-04,201406,Boston,old,-0.0352941172318339,0.1031553396806367,41,44,824
2014-06-04,201406,Chicago,old,0.0169491522550991,0.1024305553777247,30,29,576
2014-06-04,201406,Cleveland,old,0.1891891866325785,0.1033519551629162,44,30,716
2014-06-04,201406,Dallas,old,0.0847457612754955,0.0824022345217845,32,27,716
2014-06-04,201406,Kansas City,old,0.2121212089072544,0.1090909089105935,40,26,605
2014-06-04,201406,Minneapolis,old,-0.1999999933333335,0.0589390961513966,12,18,509
2014-06-04,201406,New York,old,0.2413793020214033,0.0548204157753867,18,11,529
2014-06-04,201406,Philadelphia,old,0.0793650781053162,0.0846774192410249,34,29,744
2014-06-04,201406,Richmond,old,0.1641791020271776,0.084065244562026,39,28,797
2014-06-04,201406,San Francisco,old,-0.1578947326869807,0.0693430655668922,16,22,548
2014-06-04,201406,St. Louis,old,0.238095232426304,0.0860655735941279,26,16,488
2014-07-16,201407,Atlanta,old,0.3061224427321951,0.0790322579370447,32,17,620
2014-07-16,201407,Boston,old,-0.020408162848813,0.0703012911473439,24,25,697
2014-07-16,201407,Chicago,old,0.183673465639317,0.090573012771584,29,20,541
2014-07-16,201407,Cleveland,old,0.0461538454437869,0.087837837719138,34,31,740
2014-07-16,201407,Dallas,old,0.2131147506046762,0.0847222221045524,37,24,720
2014-07-16,201407,Kansas City,old,0.1864406748060902,0.093799681885851,35,24,629
2014-07-16,201407,Minneapolis,old,0.0909090867768596,0.0421455937889931,12,10,522
2014-07-16,201407,New York,old,0.0588235276816609,0.0623853209864489,18,16,545
2014-07-16,201407,Philadelphia,old,0.1698113175507298,0.0688311687417777,31,22,770
2014-07-16,201407,Richmond,old,-0.2142857104591837,0.0742705569306756,22,34,754
2014-07-16,201407,San Francisco,old,-0.0399999992,0.0872600347517277,24,26,573
2014-07-16,201407,St. Louis,old,0.3599999856000005,0.0544662308181563,17,8,459
2014-09-03,201409,Atlanta,old,0.0740740727023319,0.0832049305343529,29,25,649
2014-09-03,201409,Boston,old,0.0294117642733564,0.0812425327583721,35,33,837
2014-09-03,201409,Chicago,old,0.2093023207138995,0.0730050932546602,26,17,589
2014-09-03,201409,Cleveland,old,0.1320754692061232,0.0671736374307051,30,23,789
2014-09-03,201409,Dallas,old,0.4909090819834713,0.0737265414561306,41,14,746
2014-09-03,201409,Kansas City,old,0.3913043393194709,0.0784982933814022,32,14,586
2014-09-03,201409,Minneapolis,old,0.0833333298611112,0.0426287743470181,13,11,563
2014-09-03,201409,New York,old,0.4374999863281255,0.060150375826785,23,9,532
2014-09-03,201409,Philadelphia,old,0.3424657487333459,0.0918238992555674,49,24,795
2014-09-03,201409,Richmond,old,0.2363636320661158,0.0704225351210979,34,21,781
2014-09-03,201409,San Francisco,old,0.1739130396975426,0.0901960782545174,27,19,510
2014-09-03,201409,St. Louis,old,0.4857142718367351,0.0718685830146435,26,9,487
2014-10-15,201410,Atlanta,old,0.153846150887574,0.08319999986688,30,22,625
2014-10-15,201410,Boston,old,-0.0144927534131485,0.0848708486040949,34,35,813
2014-10-15,201410,Chicago,old,0.0256410249835634,0.0646766168081648,20,19,603
2014-10-15,201410,Cleveland,old,0.0294117642733564,0.0858585857501785,35,33,792
2014-10-15,201410,Dallas,old,0.3333333280423281,0.0845637582757533,42,21,745
2014-10-15,201410,Kansas City,old,0.0,0.0949367087105431,30,30,632
2014-10-15,201410,Minneapolis,old,0.2631578808864273,0.0353159850644684,12,7,538
2014-10-15,201410,New York,old,0.2258064443288243,0.0597302503666083,19,12,519
2014-10-15,201410,Philadelphia,old,0.1746031718316956,0.0759951748178586,37,26,829
2014-10-15,201410,Richmond,old,-0.1999999955555556,0.0568181817464416,18,27,792
2014-10-15,201410,San Francisco,old,0.0526315775623269,0.0773930751987921,20,18,491
2014-10-15,201410,St. Louis,old,0.5833333090277788,0.0597014923888022,19,5,402
2014-12-03,201412,Atlanta,old,0.3207547109291564,0.0877483442255822,35,18,604
2014-12-03,201412,Boston,old,0.1111111095679012,0.0886699506297168,40,32,812
2014-12-03,201412,Chicago,old,-0.0909090888429752,0.0890688257306299,20,24,494
2014-12-03,201412,Cleveland,old,0.124999998046875,0.0772014474340151,36,28,829
2014-12-03,201412,Dallas,old,0.0249999996875,0.1013941697067247,41,39,789
2014-12-03,201412,Kansas City,old,0.0,0.0816326529330727,26,26,637
2014-12-03,201412,Minneapolis,old,0.3793103317479195,0.0493197278072793,20,9,588
2014-12-03,201412,New York,old,0.2571428497959186,0.0676982590566764,22,13,517
2014-12-03,201412,Philadelphia,old,0.2499999947916668,0.0684736090321346,30,18,701
2014-12-03,201412,Richmond,old,-0.0434782599243856,0.0582278480275596,22,24,790
2014-12-03,201412,San Francisco,old,0.0526315775623269,0.0801687762021755,20,18,474
2014-12-03,201412,St. Louis,old,-0.0769230739644971,0.0581655479683097,12,14,447
2015-01-14,201501,Atlanta,old,0.31914892937981,0.0720858894599909,31,16,652
2015-01-14,201501,Boston,old,0.138461536331361,0.0808457710437241,37,28,804
2015-01-14,201501,Chicago,old,-0.04999999875,0.0792079206352318,19,21,505
2015-01-14,201501,Cleveland,old,0.1475409811878527,0.0847222221045524,35,26,720
2015-01-14,201501,Dallas,old,-0.2459016353130879,0.080581241637277,23,38,757
2015-01-14,201501,Kansas City,old,-0.3061224427321951,0.0774091625949302,17,32,633
2015-01-14,201501,Minneapolis,old,0.0,0.0451977400278761,12,12,531
2015-01-14,201501,New York,old,0.0731707299226651,0.0824949696529276,22,19,497
2015-01-14,201501,Philadelphia,old,0.2156862702806613,0.0749999998897058,31,20,680
2015-01-14,201501,Richmond,old,0.022222221728395,0.0589777194508811,23,22,763
2015-01-14,201501,San Francisco,old,0.0153846151479289,0.1205936917985274,33,32,539
2015-01-14,201501,St. Louis,old,0.1818181735537193,0.0568475450727453,13,9,387
2015-04-15,201504,Atlanta,old,0.0714285701530612,0.0824742266826594,30,26,679
2015-04-15,201504,Boston,old,-0.0933333320888889,0.0976562498728434,34,41,768
2015-04-15,201504,Chicago,old,0.0697674402379665,0.082217973074153,23,20,523
2015-04-15,201504,Cleveland,old,-0.28205127843524,0.1029023745344295,28,50,758
2015-04-15,201504,Dallas,old,-0.0389610384550514,0.1030789824590642,37,40,747
2015-04-15,201504,Kansas City,old,-0.1290322559833507,0.1089630929543706,27,35,569
2015-04-15,201504,Minneapolis,old,-0.0322580634755463,0.0626262624997449,15,16,495
2015-04-15,201504,New York,old,-0.3181818109504134,0.0964912278585718,15,29,456
2015-04-15,201504,Philadelphia,old,0.2058823499134948,0.0959097318816505,41,27,709
2015-04-15,201504,Richmond,old,-0.1599999968,0.0620347393771281,21,29,806
2015-04-15,201504,San Francisco,old,-0.263157890120037,0.1043956042044036,21,36,546
2015-04-15,201504,St. Louis,old,0.034482757431629,0.0682352939570934,15,14,425
2015-06-03,201506,Atlanta,old,0.3043478194706996,0.0784982933814022,30,16,586
2015-06-03,201506,Boston,old,0.0238095235260771,0.1093749998575846,43,41,768
2015-06-03,201506,Chicago,old,0.0,0.080586080438487,22,22,546
2015-06-03,201506,Cleveland,old,-0.1304347807183365,0.0877862594302973,30,39,786
2015-06-03,201506,Dallas,old,-0.1904761882086168,0.1102362203277739,34,50,762
2015-06-03,201506,Kansas City,old,-0.2187499965820313,0.1084745760873312,25,39,590
2015-06-03,201506,Minneapolis,old,-0.133333328888889,0.0511073252962396,13,17,587
2015-06-03,201506,New York,old,0.0454545444214876,0.0903490757898376,23,21,487
2015-06-03,201506,Philadelphia,old,0.3061224427321951,0.0777777776543209,32,17,630
2015-06-03,201506,Richmond,old,0.0869565198487713,0.0629274964939432,25,21,731
2015-06-03,201506,San Francisco,old,-0.1818181776859505,0.0785714284311224,18,26,560
2015-06-03,201506,St. Louis,old,0.1764705830449828,0.0714285712785114,20,14,476
2015-07-15,201507,Atlanta,old,0.1666666631944445,0.0786885244611663,28,20,610
2015-07-15,201507,Boston,old,0.1249999984375,0.1152737750500377,45,35,694
2015-07-15,201507,Chicago,old,-0.1999999960000001,0.1084598696128853,20,30,461
2015-07-15,201507,Cleveland,old,0.0857142844897959,0.094339622514367,38,32,742
2015-07-15,201507,Dallas,old,-0.1358024674592288,0.1016311165600613,35,46,797
2015-07-15,201507,Kansas City,old,-0.0740740727023319,0.0913705582210312,25,29,591
2015-07-15,201507,Minneapolis,old,0.1111111069958849,0.0527343748970031,15,12,512
2015-07-15,201507,New York,old,0.061224488546439,0.0940499038501921,26,23,521
2015-07-15,201507,Philadelphia,old,0.2352941107266438,0.0671936757565342,21,13,506
2015-07-15,201507,Richmond,old,0.0666666655555555,0.0771208225229809,32,28,778
2015-07-15,201507,San Francisco,old,0.0399999992,0.0865051901617557,26,24,578
2015-07-15,201507,St. Louis,old,0.3142857053061227,0.0743099786108068,23,12,471
2015-09-02,201509,Atlanta,old,0.2592592544581619,0.0845070421212722,34,20,639
2015-09-02,201509,Boston,old,0.0985915479071613,0.0855421685716359,39,32,830
2015-09-02,201509,Chicago,old,-0.0588235276816609,0.0651340994920802,16,18,522
2015-09-02,201509,Cleveland,old,0.0882352928200692,0.0917678811177221,37,31,741
2015-09-02,201509,Dallas,old,-0.2647058784602076,0.0961810465400551,25,43,707
2015-09-02,201509,Kansas City,old,-0.1864406748060902,0.096405228600645,24,35,612
2015-09-02,201509,Minneapolis,old,0.1764705830449828,0.0634328357025506,20,14,536
2015-09-02,201509,New York,old,0.0526315775623269,0.0763052207303108,20,18,498
2015-09-02,201509,Philadelphia,old,0.2692307640532545,0.0933572709275453,33,19,557
2015-09-02,201509,Richmond,old,0.152542370295892,0.0716889428047522,34,25,823
2015-09-02,201509,San Francisco,old,-0.358490559273763,0.0933098589906516,17,36,568
2015-09-02,201509,St. Louis,old,0.2222222160493829,0.0772532187183407,22,14,466
2015-10-14,201510,Atlanta,old,0.0175438593413358,0.0956375837321517,29,28,596
2015-10-14,201510,Boston,old,-0.3124999951171875,0.0867208670911641,22,42,738
2015-10-14,201510,Chicago,old,-0.3442622894383231,0.107017543671899,20,41,570
2015-10-14,201510,Cleveland,old,-0.0447761187346847,0.0944992946480969,32,35,709
2015-10-14,201510,Dallas,old,-0.3698630086320136,0.0987821378906872,23,50,739
2015-10-14,201510,Kansas City,old,-0.4782608626339005,0.1221238935891612,18,51,565
2015-10-14,201510,Minneapolis,old,-0.2307692248520712,0.0674740483261694,15,24,578
2015-10-14,201510,New York,old,0.238095232426304,0.0864197529086013,26,16,486
2015-10-14,201510,Philadelphia,old,0.1739130396975426,0.0721003133666139,27,19,638
2015-10-14,201510,Richmond,old,-0.0714285701530612,0.0737812910753869,26,30,759
2015-10-14,201510,San Francisco,old,-0.1904761859410432,0.0773480661558967,17,25,543
2015-10-14,201510,St. Louis,old,-0.1515151469237834,0.0690376567593354,14,19,478
2015-12-02,201512,Atlanta,old,0.2830188625845498,0.0883333331861111,34,19,600
2015-12-02,201512,Boston,old,0.0,0.0665236050788373,31,31,932
2015-12-02,201512,Chicago,old,-0.333333324786325,0.0728971961254258,13,26,535
2015-12-02,201512,Cleveland,old,-0.3230769181065089,0.0829081631595559,22,43,784
2015-12-02,201512,Dallas,old,-0.3246753204587621,0.1022576359863776,26,51,753
2015-12-02,201512,Kansas City,old,-0.1785714253826531,0.0967184799711252,23,33,579
2015-12-02,201512,Minneapolis,old,-0.1351351314828343,0.0647985988357292,16,21,571
2015-12-02,201512,New York,old,-0.024390243307555,0.0845360822999256,20,21,485
2015-12-02,201512,Philadelphia,old,0.0869565198487713,0.0678466075695477,25,21,678
2015-12-02,201512,Richmond,old,-0.0689655160523187,0.073139974687087,27,31,793
2015-12-02,201512,San Francisco,old,-0.04999999875,0.071684587685153,19,21,558
2015-12-02,201512,St. Louis,old,0.4615384437869829,0.0540540539416755,19,7,481
2016-01-13,201601,Atlanta,old,0.0344827580261593,0.0993150683230906,30,28,584
2016-01-13,201601,Boston,old,-0.0163934423542058,0.0822102424768056,30,31,742
2016-01-13,201601,Chicago,old,-0.2631578878116345,0.0763052207303108,14,24,498
2016-01-13,201601,Cleveland,old,-0.2285714253061225,0.0884955751093608,27,43,791
2016-01-13,201601,Dallas,old,-0.3571428507653063,0.0938023449015036,18,38,597
2016-01-13,201601,Kansas City,old,-0.2653061170345691,0.0786516852670117,18,31,623
2016-01-13,201601,Minneapolis,old,-0.0526315775623269,0.0708955222557919,18,20,536
2016-01-13,201601,New York,old,-0.0952380929705216,0.0956719815588337,19,23,439
2016-01-13,201601,Philadelphia,old,0.1379310321046374,0.0833333332136015,33,25,696
2016-01-13,201601,Richmond,old,-0.2083333289930556,0.0602258468504067,19,29,797
2016-01-13,201601,San Francisco,old,0.2083333289930556,0.0885608854454596,29,19,542
2016-01-13,201601,St. Louis,old,0.2777777700617286,0.0787746168954603,23,13,457
2016-03-02,201603,Atlanta,old,0.1162790670632775,0.0672926446521241,24,19,639
2016-03-02,201603,Boston,old,-0.0158730156210632,0.0812903224757544,31,32,775
2016-03-02,201603,Chicago,old,-0.3103448222354341,0.1017543857863958,20,38,570
2016-03-02,201603,Cleveland,old,-0.2131147506046762,0.0761548063968104,24,37,801
2016-03-02,201603,Dallas,old,-0.4698795124110902,0.1231454004107635,22,61,674
2016-03-02,201603,Kansas City,old,-0.4516128959417275,0.0958268932058317,17,45,647
2016-03-02,201603,Minneapolis,old,0.0833333298611112,0.0437158469149073,13,11,549
2016-03-02,201603,New York,old,-0.2558139475392105,0.0897703547186422,16,27,479
2016-03-02,201603,Philadelphia,old,-0.3650793592844546,0.0957446807055552,20,43,658
2016-03-02,201603,Richmond,old,-0.3066666625777778,0.0924784215875728,26,49,811
2016-03-02,201603,San Francisco,old,-0.2999999925000002,0.0763358777169162,14,26,524
2016-03-02,201603,St. Louis,old,0.5172413614744358,0.0589430893110912,22,7,492
2016-04-13,201604,Atlanta,old,0.0714285701530612,0.08959999985664,30,26,625
2016-04-13,201604,Boston,old,0.1176470570934256,0.0828258220672036,38,30,821
2016-04-13,201604,Chicago,old,-0.1063829764599366,0.0916179335446044,21,26,513
2016-04-13,201604,Cleveland,old,-0.4333333261111112,0.0769230768244575,17,43,780
2016-04-13,201604,Dallas,old,-0.3142857097959184,0.1030927833533243,24,46,679
2016-04-13,201604,Kansas City,old,-0.0847457612754955,0.1001697791168594,27,32,589
2016-04-13,201604,Minneapolis,old,-0.1666666620370371,0.064056939387799,15,21,562
2016-04-13,201604,New York,old,0.3124999902343753,0.0735632182216937,21,11,435
2016-04-13,201604,Philadelphia,old,0.2131147506046762,0.0935582820650946,37,24,652
2016-04-13,201604,Richmond,old,-0.0909090888429752,0.0587449932460013,20,24,749
2016-04-13,201604,San Francisco,old,0.3181818109504134,0.084942084778104,29,15,518
2016-04-13,201604,St. Louis,old,0.3749999882812504,0.0701754384425977,22,10,456
2016-06-01,201606,Atlanta,old,0.0909090892561983,0.0862068964166036,30,25,638
2016-06-01,201606,Boston,old,0.1111111093474427,0.0816062175108727,35,28,772
2016-06-01,201606,Chicago,old,0.1707317031528853,0.0808678499391166,24,17,507
2016-06-01,201606,Cleveland,old,-0.1884057943709305,0.0873417720413395,28,41,790
2016-06-01,201606,Dallas,old,-0.3333333285024155,0.0982905981505831,23,46,702
2016-06-01,201606,Kansas City,old,-0.4893616917157087,0.0878504671255131,12,35,535
2016-06-01,201606,Minneapolis,old,-0.1304347797731569,0.0812720846620634,20,26,566
2016-06-01,201606,New York,old,-0.2258064443288243,0.0690423161045828,12,19,449
2016-06-01,201606,Philadelphia,old,0.0,0.06636500744138,22,22,663
2016-06-01,201606,Richmond,old,-0.0476190464852608,0.0487804877482224,20,22,861
2016-06-01,201606,San Francisco,old,-0.1153846131656805,0.0923623444185393,23,29,563
2016-06-01,201606,St. Louis,old,0.4594594470416366,0.0880952378854875,27,10,420
2016-07-13,201607,Atlanta,old,-0.2653061170345691,0.0779014307187576,18,31,629
2016-07-13,201607,Boston,old,0.0,0.1034482757134363,36,36,696
2016-07-13,201607,Chicago,old,-0.0232558134126555,0.083820662604638,21,22,513
2016-07-13,201607,Cleveland,old,-0.2631578912742383,0.0953575908464773,28,48,797
2016-07-13,201607,Dallas,old,-0.1746031718316956,0.0892351273523581,26,37,706
2016-07-13,201607,Kansas City,old,0.2340425482118606,0.0826010543363777,29,18,569
2016-07-13,201607,Minneapolis,old,0.0270270262965668,0.0645724257162784,19,18,573
2016-07-13,201607,New York,old,0.1999999942857144,0.0755939523205314,21,14,463
2016-07-13,201607,Philadelphia,old,-0.3181818109504134,0.0722495893723323,15,29,609
2016-07-13,201607,Richmond,old,-0.3488372011898325,0.0530864196875476,14,29,810
2016-07-13,201607,San Francisco,old,-0.2142857104591837,0.1012658226016892,22,34,553
2016-07-13,201607,St. Louis,old,0.6129032060353804,0.0754257905707401,25,6,411
2016-09-07,201609,Atlanta,old,-0.1489361670439113,0.0735524255499962,20,27,639
2016-09-07,201609,Boston,old,-0.206896548156956,0.0833333332136015,23,35,696
2016-09-07,201609,Chicago,old,-0.0256410249835634,0.0784708247918092,19,20,497
2016-09-07,201609,Cleveland,old,-0.4029850686121631,0.0876963349637482,20,47,764
2016-09-07,201609,Dallas,old,0.1999999955555556,0.0782608694291115,27,18,575
2016-09-07,201609,Kansas City,old,-0.2156862702806613,0.0885416665129485,20,31,576
2016-09-07,201609,Minneapolis,old,-0.2173912996219282,0.0786324784980641,18,28,585
2016-09-07,201609,New York,old,-0.1428571394557824,0.0889830506589342,18,24,472
2016-09-07,201609,Philadelphia,old,0.0,0.072398189936051,24,24,663
2016-09-07,201609,Richmond,old,-0.1304347797731569,0.0601307188756461,20,26,765
2016-09-07,201609,San Francisco,old,-0.1904761859410432,0.0831683166669934,17,25,505
2016-09-07,201609,St. Louis,old,0.0,0.0901960782545174,23,23,510
2016-10-19,201610,Atlanta,old,-0.1228070153893506,0.093904447950734,25,32,607
2016-10-19,201610,Boston,old,0.0689655160523187,0.0926517570404924,31,27,626
2016-10-19,201610,Chicago,old,-0.2786885200214997,0.1055363319973419,22,39,578
2016-10-19,201610,Cleveland,old,-0.2631578912742383,0.106442576881733,28,48,714
2016-10-19,201610,Dallas,old,-0.2156862702806613,0.0861486485031272,20,31,592
2016-10-19,201610,Kansas City,old,0.024390243307555,0.0723104055162074,21,20,567
2016-10-19,201610,Minneapolis,old,-0.2121212056932968,0.0563139930779624,13,20,586
2016-10-19,201610,New York,old,-0.0566037725169099,0.1017274470216363,25,28,521
2016-10-19,201610,Philadelphia,old,0.1428571394557824,0.0716723548264976,24,18,586
2016-10-19,201610,Richmond,old,-0.2888888824691359,0.0683890576468251,16,29,658
2016-10-19,201610,San Francisco,old,-0.2653061170345691,0.0933333331555555,18,31,525
2016-10-19,201610,St. Louis,old,0.4054053944485029,0.0807860260244846,26,11,458
2016-11-30,201611,Atlanta,old,-0.0344827580261593,0.094616639323627,28,30,613
2016-11-30,201611,Boston,old,-0.1612903199791883,0.0855172412613555,26,36,725
2016-11-30,201611,Chicago,old,-0.1999999950000001,0.077821011521749,16,24,514
2016-11-30,201611,Cleveland,old,-0.1746031718316956,0.0930576069526475,26,37,677
2016-11-30,201611,Dallas,old,0.1578947340720222,0.0984455956848953,33,24,579
2016-11-30,201611,Kansas City,old,-0.1764705830449828,0.0620437955072193,14,20,548
2016-11-30,201611,Minneapolis,old,-0.1666666620370371,0.0677966100418143,15,21,531
2016-11-30,201611,New York,old,-0.0666666644444445,0.0636942673806915,14,16,471
2016-11-30,201611,Philadelphia,old,0.0,0.0463576158172887,14,14,604
2016-11-30,201611,Richmond,old,-0.4634146228435458,0.0606508874842442,11,30,676
2016-11-30,201611,San Francisco,old,-0.4883720816657655,0.0805243444184937,11,32,534
2016-11-30,201611,St. Louis,old,0.1428571387755103,0.0585284279957718,20,15,598
2017-01-18,201701,Atlanta,single_page,0.0943396208615166,0.0828124998706054,29,24,640
2017-01-18,201701,Boston,single_page,0.1999999955555556,0.0731707315883402,27,18,615
2017-01-18,201701,Chicago,single_page,0.028571427755102,0.0751072959761646,18,17,466
2017-01-18,201701,Cleveland,single_page,-0.142857139941691,0.0819397991940806,21,28,598
2017-01-18,201701,Dallas,single_page,0.1186440657856938,0.0947030496072182,33,26,623
2017-01-18,201701,Kansas City,single_page,-0.1666666631944445,0.0744186045357851,20,28,645
2017-01-18,201701,Minneapolis,single_page,-0.0952380929705216,0.0717948716721455,19,23,585
2017-01-18,201701,New York,single_page,0.0909090888429752,0.0844529748858868,24,20,521
2017-01-18,201701,Philadelphia,single_page,0.3548386982310097,0.0541012215460711,21,10,573
2017-01-18,201701,Richmond,single_page,0.4146341362284357,0.0664505671532405,29,12,617
2017-01-18,201701,San Francisco,single_page,0.1351351314828343,0.0772442587113898,21,16,479
2017-01-18,201701,St. Louis,single_page,0.2631578878116345,0.0695970694696024,24,14,546
2017-03-01,201703,Atlanta,single_page,0.2820512748191981,0.064144736736604,25,14,608
2017-03-01,201703,Boston,single_page,0.020408162848813,0.0770440250360943,25,24,636
2017-03-01,201703,Chicago,single_page,0.1515151469237834,0.0795180720975468,19,14,415
2017-03-01,201703,Cleveland,single_page,0.1666666631944445,0.0751173707744642,28,20,639
2017-03-01,201703,Dallas,single_page,-0.0740740727023319,0.0926243566164247,25,29,583
2017-03-01,201703,Kansas City,single_page,-0.0857142832653062,0.0549450548587989,16,19,637
2017-03-01,201703,Minneapolis,single_page,-0.1739130396975426,0.0834845733512076,19,27,551
2017-03-01,201703,New York,single_page,0.1999999960000001,0.0813008128759336,30,20,615
2017-03-01,201703,Philadelphia,single_page,0.2142857066326533,0.0511882997236045,17,11,547
2017-03-01,201703,Richmond,single_page,0.3333333232323235,0.0515624999194335,22,11,640
2017-03-01,201703,San Francisco,single_page,-0.1282051249178173,0.0783132528547926,17,22,498
2017-03-01,201703,St. Louis,single_page,0.5599999888000002,0.0797448164597371,39,11,627
2017-04-19,201704,Atlanta,single_page,0.163636360661157,0.0818452379734445,32,23,672
2017-04-19,201704,Boston,single_page,-0.1515151492194674,0.1050955412339243,28,38,628
2017-04-19,201704,Chicago,single_page,-0.024390243307555,0.0868644065956262,20,21,472
2017-04-19,201704,Cleveland,single_page,-0.0357142850765306,0.0864197529530559,27,29,648
2017-04-19,201704,Dallas,single_page,0.076923075443787,0.0925266902268208,28,24,562
2017-04-19,201704,Kansas City,single_page,-0.1249999960937501,0.0516129031425598,14,18,620
2017-04-19,201704,Minneapolis,single_page,-0.1428571394557824,0.0703517586761277,18,24,597
2017-04-19,201704,New York,single_page,0.1282051249178173,0.0661016948032174,22,17,590
2017-04-19,201704,Philadelphia,single_page,-0.1874999941406252,0.061302681874899,13,19,522
2017-04-19,201704,Richmond,single_page,0.2222222181069959,0.0787172010514326,33,21,686
2017-04-19,201704,San Francisco,single_page,0.1818181776859505,0.0801457193439968,26,18,549
2017-04-19,201704,St. Louis,single_page,0.0731707299226651,0.0651828297850829,22,19,629
2017-05-31,201705,Atlanta,single_page,0.3725490123029605,0.082390953017139,35,16,619
2017-05-31,201705,Boston,single_page,0.0188679241723033,0.0857605176605816,27,26,618
2017-05-31,201705,Chicago,single_page,0.1052631551246538,0.0826086954725898,21,17,460
2017-05-31,201705,Cleveland,single_page,-0.0384615377218935,0.0824088746713013,25,27,631
2017-05-31,201705,Dallas,single_page,0.0799999984,0.083892617308905,27,23,596
2017-05-31,201705,Kansas City,single_page,0.1351351314828343,0.0581761005374589,21,16,636
2017-05-31,201705,Minneapolis,single_page,-0.1489361670439113,0.081034482618906,20,27,580
2017-05-31,201705,New York,single_page,0.2121212056932968,0.0570934255067587,20,13,578
2017-05-31,201705,Philadelphia,single_page,0.0,0.0604026844624116,18,18,596
2017-05-31,201705,Richmond,single_page,0.2444444390123458,0.0671641790042325,28,17,670
2017-05-31,201705,San Francisco,single_page,-0.3749999921875002,0.0933852138260988,15,33,514
2017-05-31,201705,St. Louis,single_page,0.1698113175507298,0.0820433435262486,31,22,646
2017-07-12,201707,Atlanta,single_page,0.2399999952000001,0.0721500720459595,31,19,693
2017-07-12,201707,Boston,single_page,0.0833333315972222,0.0738461537325443,26,22,650
2017-07-12,201707,Chicago,single_page,-0.1999999933333335,0.0641025639655928,12,18,468
2017-07-12,201707,Cleveland,single_page,0.0909090888429752,0.0773286466127791,24,20,569
2017-07-12,201707,Dallas,single_page,0.0188679241723033,0.0845295054473213,27,26,627
2017-07-12,201707,Kansas City,single_page,0.0769230749506904,0.0632090760725947,21,18,617
2017-07-12,201707,Minneapolis,single_page,-0.0697674402379665,0.0708401975768695,20,23,607
2017-07-12,201707,New York,single_page,0.0232558134126555,0.0708401975768695,22,21,607
2017-07-12,201707,Philadelphia,single_page,-0.1627906938885885,0.0722689074415648,18,25,595
2017-07-12,201707,Richmond,single_page,0.0769230749506904,0.0601851850923068,21,18,648
2017-07-12,201707,San Francisco,single_page,-0.0869565198487713,0.0925553318057236,21,25,497
2017-07-12,201707,St. Louis,single_page,0.0,0.090468497430584,28,28,619
2017-09-06,201709,Atlanta,single_page,0.18518518175583,0.0790629574245051,32,22,683
2017-09-06,201709,Boston,single_page,-0.076923075443787,0.0804953559125458,24,28,646
2017-09-06,201709,Chicago,single_page,-0.2558139475392105,0.0875763745670542,16,27,491
2017-09-06,201709,Cleveland,single_page,0.2083333289930556,0.0790774298532497,29,19,607
2017-09-06,201709,Dallas,single_page,-0.0181818178512396,0.0835866260127862,27,28,658
2017-09-06,201709,Kansas City,single_page,-0.238095232426304,0.0660377357452236,16,26,636
2017-09-06,201709,Minneapolis,single_page,-0.2075471658953365,0.0896785108465676,21,32,591
2017-09-06,201709,New York,single_page,0.0810810788897005,0.0667870034895541,20,17,554
2017-09-06,201709,Philadelphia,single_page,-0.2105263102493076,0.0650684930392662,15,23,584
2017-09-06,201709,Richmond,single_page,0.2093023207138995,0.0663580245889536,26,17,648
2017-09-06,201709,San Francisco,single_page,-0.1818181776859505,0.0920502090124472,18,26,478
2017-09-06,201709,St. Louis,single_page,0.1724137901307967,0.0938511325342214,34,24,618
2017-10-18,201710,Atlanta,single_page,0.183673465639317,0.0750382847242905,29,20,653
2017-10-18,201710,Boston,single_page,0.1739130396975426,0.07615894027126,27,19,604
2017-10-18,201710,Chicago,single_page,-0.0256410249835634,0.0748560459215814,19,20,521
2017-10-18,201710,Cleveland,single_page,0.1304347797731569,0.0766666665388888,26,20,600
2017-10-18,201710,Dallas,single_page,-0.3870967679500521,0.1008130079661577,19,43,615
2017-10-18,201710,Kansas City,single_page,0.3333333240740743,0.0566929132965465,24,12,635
2017-10-18,201710,Minneapolis,single_page,0.04999999875,0.070298769647981,21,19,569
2017-10-18,201710,New York,single_page,0.1904761859410432,0.0715502554147355,25,17,587
2017-10-18,201710,Philadelphia,single_page,0.1428571377551022,0.0555555554453262,16,12,504
2017-10-18,201710,Richmond,single_page,0.2608695595463139,0.0664739883432456,29,17,692
2017-10-18,201710,San Francisco,single_page,-0.153846150887574,0.0943738655274521,22,30,551
2017-10-18,201710,St. Louis,single_page,0.1111111086419753,0.0816696913218335,25,20,551
2017-11-29,201711,Atlanta,single_page,0.1063829764599366,0.0693215338210596,26,21,678
2017-11-29,201711,Boston,single_page,0.0697674402379665,0.0726351350124406,23,20,592
2017-11-29,201711,Chicago,single_page,0.0769230749506904,0.0784708247918092,21,18,497
2017-11-29,201711,Cleveland,single_page,-0.076923075443787,0.0848287111177345,24,28,613
2017-11-29,201711,Dallas,single_page,-0.0491803270626175,0.1040955629622942,29,32,586
2017-11-29,201711,Kansas City,single_page,-0.1034482722948871,0.0453834115095721,13,16,639
2017-11-29,201711,Minneapolis,single_page,0.0256410249835634,0.0675909877511421,20,19,577
2017-11-29,201711,New York,single_page,0.096774190426639,0.0491283675925065,17,14,631
2017-11-29,201711,Philadelphia,single_page,0.0,0.0564373896711862,16,16,567
2017-11-29,201711,Richmond,single_page,0.1515151469237834,0.0511627906183522,19,14,645
2017-11-29,201711,San Francisco,single_page,-0.5151514995408637,0.0652173911754597,8,25,506
2017-11-29,201711,St. Louis,single_page,0.0,0.0773993806851402,25,25,646
2018-01-17,201801,Atlanta,single_page,0.1578947326869807,0.0602218699521048,22,16,631
2018-01-17,201801,Boston,single_page,0.0769230749506904,0.061708860661853,21,18,632
2018-01-17,201801,Chicago,single_page,0.2432432366691017,0.0715667310027722,23,14,517
2018-01-17,201801,Cleveland,single_page,-0.0799999984,0.0787401573563147,23,27,635
2018-01-17,201801,Dallas,single_page,0.0,0.0432612312092159,13,13,601
2018-01-17,201801,Kansas City,single_page,-0.3207547109291564,0.0809160304108152,18,35,655
2018-01-17,201801,Minneapolis,single_page,-0.2727272644628102,0.0586145647271499,12,21,563
2018-01-17,201801,New York,single_page,-0.0555555540123457,0.0607082629667651,17,19,593
2018-01-17,201801,Philadelphia,single_page,0.0714285688775511,0.0457516339121705,15,13,612
2018-01-17,201801,Richmond,single_page,-0.0943396208615166,0.0778267252895349,24,29,681
2018-01-17,201801,San Francisco,single_page,0.0,0.0620155037557839,16,16,516
2018-01-17,201801,St. Louis,single_page,0.0566037725169099,0.1007604560822044,28,25,526
2018-03-07,201803,Atlanta,single_page,0.4999999861111115,0.059504132133051,27,9,605
2018-03-07,201803,Boston,single_page,-0.103448274078478,0.0885496181854204,26,32,655
2018-03-07,201803,Chicago,single_page,0.0857142832653062,0.0680933850815303,19,16,514
2018-03-07,201803,Cleveland,single_page,0.28205127843524,0.1187214610065122,50,28,657
2018-03-07,201803,Dallas,single_page,-0.3103448222354341,0.0965058234667124,20,38,601
2018-03-07,201803,Kansas City,single_page,-0.2307692248520712,0.0624999998998397,15,24,624
2018-03-07,201803,Minneapolis,single_page,0.0,0.0793950849160773,21,21,529
2018-03-07,201803,New York,single_page,-0.063829785875962,0.0795262265997864,22,25,591
2018-03-07,201803,Philadelphia,single_page,-0.1515151469237834,0.0568965516260404,14,19,580
2018-03-07,201803,Richmond,single_page,-0.2413793061831154,0.0873493974588111,22,36,664
2018-03-07,201803,San Francisco,single_page,0.0256410249835634,0.0763209391852819,20,19,511
2018-03-07,201803,St. Louis,single_page,0.1379310321046374,0.0978077570020105,33,25,593
2018-04-18,201804,Atlanta,single_page,0.1162790670632775,0.072512647432525,24,19,593
2018-04-18,201804,Boston,single_page,-0.020408162848813,0.0763239874200561,24,25,642
2018-04-18,201804,Chicago,single_page,0.0731707299226651,0.0718038527639162,22,19,571
2018-04-18,201804,Cleveland,single_page,0.1929824527546938,0.0922330095594935,34,23,618
2018-04-18,201804,Dallas,single_page,-0.1272727249586777,0.0906095550401819,24,31,607
2018-04-18,201804,Kansas City,single_page,-0.2499999921875002,0.0544217686149289,12,20,588
2018-04-18,201804,Minneapolis,single_page,0.0256410249835634,0.0629032257049947,20,19,620
2018-04-18,201804,New York,single_page,0.1282051249178173,0.0683012257998227,22,17,571
2018-04-18,201804,Philadelphia,single_page,0.2352941107266438,0.057823129153362,21,13,588
2018-04-18,201804,Richmond,single_page,-0.0188679241723033,0.0778267252895349,26,27,681
2018-04-18,201804,San Francisco,single_page,-0.2999999925000002,0.0743494422409861,14,26,538
2018-04-18,201804,St. Louis,single_page,0.384615374753452,0.0814196240471406,27,12,479
2018-05-30,201805,Atlanta,single_page,0.2093023207138995,0.0605633801963896,26,17,710
2018-05-30,201805,Boston,single_page,0.1249999973958334,0.0740740739597622,27,21,648
2018-05-30,201805,Chicago,single_page,0.2432432366691017,0.069288389383355,23,14,534
2018-05-30,201805,Cleveland,single_page,0.5333333244444446,0.0930232556697313,46,14,645
2018-05-30,201805,Dallas,single_page,-0.061224488546439,0.0758513930714374,23,26,646
2018-05-30,201805,Kansas City,single_page,0.0555555540123457,0.0568720378248467,19,17,633
2018-05-30,201805,Minneapolis,single_page,-0.1481481454046639,0.0889621085849059,23,31,607
2018-05-30,201805,New York,single_page,0.1219512165377752,0.0668841760735984,23,18,613
2018-05-30,201805,Philadelphia,single_page,-0.034482757431629,0.0502599652508492,14,15,577
2018-05-30,201805,Richmond,single_page,0.0357142850765306,0.0827178728467978,29,27,677
2018-05-30,201805,San Francisco,single_page,-0.2799999888000004,0.0491159134594972,9,16,509
2018-05-30,201805,St. Louis,single_page,-0.0196078427527874,0.0865874361857598,25,26,589
2018-07-18,201807,Atlanta,single_page,0.2777777700617286,0.0538922154881853,23,13,668
2018-07-18,201807,Boston,single_page,-0.076923075443787,0.0878378376894631,24,28,592
2018-07-18,201807,Chicago,single_page,0.0,0.0750988140808323,19,19,506
2018-07-18,201807,Cleveland,single_page,0.3478260793950852,0.0703363913297608,31,15,654
2018-07-18,201807,Dallas,single_page,-0.1666666631944445,0.0699708453790512,20,28,686
2018-07-18,201807,Kansas City,single_page,-0.1999999950000001,0.0617283949664685,16,24,648
2018-07-18,201807,Minneapolis,single_page,-0.04999999875,0.0680272107686612,19,21,588
2018-07-18,201807,New York,single_page,0.0769230749506904,0.0595419846419206,21,18,655
2018-07-18,201807,Philadelphia,single_page,-0.1111111080246914,0.0636042401703105,16,20,566
2018-07-18,201807,Richmond,single_page,0.0,0.0719424459396511,25,25,695
2018-07-18,201807,San Francisco,single_page,-0.0869565198487713,0.0863039398005554,21,25,533
2018-07-18,201807,St. Louis,single_page,0.3043478194706996,0.0719874803255282,30,16,639
2018-09-12,201809,Atlanta,single_page,0.2195121897679953,0.0609212480521229,25,16,673
2018-09-12,201809,Boston,single_page,0.061224488546439,0.0781499201305424,26,23,627
2018-09-12,201809,Chicago,single_page,0.0270270262965668,0.067889908132312,19,18,545
2018-09-12,201809,Cleveland,single_page,0.3488372011898325,0.0677165353264306,29,14,635
2018-09-12,201809,Dallas,single_page,-0.2075471658953365,0.0829420968968042,21,32,639
2018-09-12,201809,Kansas City,single_page,-0.3809523718820864,0.0656249998974609,13,29,640
2018-09-12,201809,Minneapolis,single_page,-0.024390243307555,0.0661290321514047,20,21,620
2018-09-12,201809,New York,single_page,0.0909090888429752,0.0658682633744487,24,20,668
2018-09-12,201809,Philadelphia,single_page,-0.1351351314828343,0.0579937303166242,16,21,638
2018-09-12,201809,Richmond,single_page,0.230769226331361,0.0760233917017201,32,20,684
2018-09-12,201809,San Francisco,single_page,-0.0476190464852608,0.0773480661558967,20,22,543
2018-09-12,201809,St. Louis,single_page,-0.0645161279916753,0.0970266039170162,29,33,639
2018-10-24,201810,Atlanta,single_page,0.04999999875,0.0602409637646973,21,19,664
2018-10-24,201810,Boston,single_page,-0.0196078427527874,0.0791925464608811,25,26,644
2018-10-24,201810,Chicago,single_page,-0.307692301775148,0.0838709676066597,18,34,620
2018-10-24,201810,Cleveland,single_page,0.2272727221074381,0.0665658092790229,27,17,661
2018-10-24,201810,Dallas,single_page,-0.1372548992695118,0.0810810809521763,22,29,629
2018-10-24,201810,Kansas City,single_page,-0.2432432366691017,0.0560606059756657,14,23,660
2018-10-24,201810,Minneapolis,single_page,-0.0999999975,0.0664451826138784,18,22,602
2018-10-24,201810,New York,single_page,-0.2307692248520712,0.0624999998998397,15,24,624
2018-10-24,201810,Philadelphia,single_page,-0.2272727221074381,0.0714285713126159,17,27,616
2018-10-24,201810,Richmond,single_page,-0.1111111090534979,0.0838509315468153,24,30,644
2018-10-24,201810,San Francisco,single_page,-0.0588235276816609,0.0661478597934866,16,18,514
2018-10-24,201810,St. Louis,single_page,0.0526315775623269,0.0695970694696024,20,18,546
2018-12-05,201812,Atlanta,single_page,-0.0909090888429752,0.06636500744138,20,24,663
2018-12-05,201812,Boston,single_page,-0.4166666579861113,0.0749999998828125,14,34,640
2018-12-05,201812,Chicago,single_page,-0.1111111080246914,0.071428571286848,16,20,504
2018-12-05,201812,Cleveland,single_page,0.5555555432098769,0.0732899021607656,35,10,614
2018-12-05,201812,Dallas,single_page,0.0476190468631897,0.106239460191839,33,30,593
2018-12-05,201812,Kansas City,single_page,-0.3571428443877555,0.0408759123490862,9,19,685
2018-12-05,201812,Minneapolis,single_page,0.0256410249835634,0.0656565655460327,20,19,594
2018-12-05,201812,New York,single_page,-0.0952380929705216,0.06719999989248,19,23,625
2018-12-05,201812,Philadelphia,single_page,-0.4583333237847224,0.0748829952029906,13,35,641
2018-12-05,201812,Richmond,single_page,-0.1272727249586777,0.083081570871478,24,31,662
2018-12-05,201812,San Francisco,single_page,0.1282051249178173,0.0670103091632125,22,17,582
2018-12-05,201812,St. Louis,single_page,0.0,0.0686427456027414,22,22,641
2019-01-16,201901,Atlanta,single_page,-0.020408162848813,0.074809160191131,24,25,655
2019-01-16,201901,Boston,single_page,-0.4545454442148763,0.0730897008752662,12,32,602
2019-01-16,201901,Chicago,single_page,-0.2653061170345691,0.0960784311841599,18,31,510
2019-01-16,201901,Cleveland,single_page,0.3043478194706996,0.078767123152796,30,16,584
2019-01-16,201901,Dallas,single_page,-0.2881355883366849,0.0984974956619407,21,38,599
2019-01-16,201901,Kansas City,single_page,-0.4594594470416366,0.0546528802737771,10,27,677
2019-01-16,201901,Minneapolis,single_page,-0.3777777693827162,0.0839552237239641,14,31,536
2019-01-16,201901,New York,single_page,-0.2727272644628102,0.0580985914470095,12,21,568
2019-01-16,201901,Philadelphia,single_page,-0.363636355371901,0.0738255032318364,14,30,596
2019-01-16,201901,Richmond,single_page,0.0,0.0642335765485641,22,22,685
2019-01-16,201901,San Francisco,single_page,-0.024390243307555,0.0745454544099173,20,21,550
2019-01-16,201901,St. Louis,single_page,0.153846150887574,0.093862815715049,30,22,554
2019-03-06,201903,Atlanta,single_page,0.1111111086419753,0.0745033111349283,25,20,604
2019-03-06,201903,Boston,single_page,-0.4117646998269897,0.1039755350092117,20,48,654
2019-03-06,201903,Chicago,single_page,-0.15662650413703,0.079122974185774,35,48,1049
2019-03-06,201903,Cleveland,single_page,0.2444444390123458,0.0700934578347454,28,17,642
2019-03-06,201903,Dallas,single_page,-0.0799999984,0.0826446279625708,23,27,605
2019-03-06,201903,Kansas City,single_page,-0.063829785875962,0.0669515668561943,22,25,702
2019-03-06,201903,Minneapolis,single_page,-0.0999999975,0.0728597448581789,18,22,549
2019-03-06,201903,New York,single_page,-0.2857142789115648,0.0681818180711334,15,27,616
2019-03-06,201903,Philadelphia,single_page,-0.4230769149408285,0.0863787373980419,15,37,602
2019-03-06,201903,Richmond,single_page,-0.438596483533395,0.0907643310656619,16,41,628
2019-03-06,201903,San Francisco,single_page,-0.0175438593413358,0.093442622797635,28,29,610
2019-03-06,201903,St. Louis,single_page,-0.04999999875000003,0.06908462855080374,19,21,579
2019-04-17,201904,Atlanta,single_page,0.3478260793950852,0.0678466075695477,31,15,678
2019-04-17,201904,Boston,single_page,-0.0937499985351562,0.1017488074693977,29,35,629
2019-04-17,201904,Chicago,single_page,-0.1707317031528853,0.0807086612584475,17,24,508
2019-04-17,201904,Cleveland,single_page,0.1249999973958334,0.0769230767998027,27,21,624
2019-04-17,201904,Dallas,single_page,0.0645161279916753,0.1035058428989885,33,29,599
2019-04-17,201904,Kansas City,single_page,-0.034482757431629,0.0438729197520833,14,15,661
2019-04-17,201904,Minneapolis,single_page,-0.1874999941406252,0.0545144803159889,13,19,587
2019-04-17,201904,New York,single_page,-0.1162790670632775,0.0701468188088959,19,24,613
2019-04-17,201904,Philadelphia,single_page,-0.0857142832653062,0.0612959718716357,16,19,571
2019-04-17,201904,Richmond,single_page,-0.0434782599243856,0.0737179485998109,22,24,624
2019-04-17,201904,San Francisco,single_page,-0.0943396208615166,0.0870279144712185,24,29,609
2019-04-17,201904,St. Louis,single_page,-0.1363636332644628,0.0730897008752662,19,25,602
2019-06-05,201906,Atlanta,single_page,0.0212765952919873,0.0682148039648551,24,23,689
2019-06-05,201906,Boston,single_page,-0.1698113175507298,0.0830721001832725,22,31,638
2019-06-05,201906,Chicago,single_page,-0.2571428497959186,0.0690335304358313,13,22,507
2019-06-05,201906,Cleveland,single_page,-0.102040814244065,0.0733532933033633,22,27,668
2019-06-05,201906,Dallas,single_page,-0.1111111093474427,0.1069609505824092,28,35,589
2019-06-05,201906,Kansas City,single_page,0.2222222160493829,0.0530191457245668,22,14,679
2019-06-05,201906,Minneapolis,single_page,-0.2413793020214033,0.0509666079947862,11,18,569
2019-06-05,201906,New York,single_page,0.1999999950000001,0.0693240900011714,24,16,577
2019-06-05,201906,Philadelphia,single_page,-0.028571427755102,0.0643382351758488,17,18,544
2019-06-05,201906,Richmond,single_page,-0.0232558134126555,0.0691318326862832,21,22,622
2019-06-05,201906,San Francisco,single_page,0.1999999933333335,0.0477707005608746,18,12,628
2019-06-05,201906,St. Louis,single_page,-0.2075471658953365,0.0849358972997822,21,32,624
2019-07-17,201907,Atlanta,single_page,-0.0270270262965668,0.055891238586267,18,19,662
2019-07-17,201907,Boston,single_page,-0.4716981043075829,0.0886287623935973,14,39,598
2019-07-17,201907,Chicago,single_page,-0.1162790670632775,0.0938864626771038,19,24,458
2019-07-17,201907,Cleveland,single_page,-0.1515151492194674,0.1007633586247887,28,38,655
2019-07-17,201907,Dallas,single_page,-0.2799999944000001,0.0868055554048514,18,32,576
2019-07-17,201907,Kansas City,single_page,-0.3749999882812504,0.0478325858776792,10,22,669
2019-07-17,201907,Minneapolis,single_page,-0.0697674402379665,0.0735042733786251,20,23,585
2019-07-17,201907,New York,single_page,-0.1272727249586777,0.0938566551299374,24,31,586
2019-07-17,201907,Philadelphia,single_page,-0.0833333315972222,0.0751173707744642,22,26,639
2019-07-17,201907,Richmond,single_page,-0.0952380929705216,0.0646153845159763,19,23,650
2019-07-17,201907,San Francisco,single_page,-0.1428571394557824,0.0643185297636775,18,24,653
2019-07-17,201907,St. Louis,single_page,0.0476190464852608,0.0855397146934018,22,20,491
2019-09-04,201909,Atlanta,single_page,-0.0793650781053162,0.0926470586872837,29,34,680
2019-09-04,201909,Boston,single_page,0.0144927534131485,0.1055045869946413,35,34,654
2019-09-04,201909,Chicago,single_page,0.1249999960937501,0.0622568092173992,18,14,514
2019-09-04,201909,Cleveland,single_page,-0.2399999952000001,0.0843170318982849,19,31,593
2019-09-04,201909,Dallas,single_page,-0.2727272677685951,0.0929054052484706,20,35,592
2019-09-04,201909,Kansas City,single_page,-0.4347825992438565,0.0721003133666139,13,33,638
2019-09-04,201909,Minneapolis,single_page,0.1249999960937501,0.0532445922574965,18,14,601
2019-09-04,201909,New York,single_page,0.0999999975,0.0618238020682785,22,18,647
2019-09-04,201909,Philadelphia,single_page,-0.1111111080246914,0.0636042401703105,16,20,566
2019-09-04,201909,Richmond,single_page,-0.2093023207138995,0.0642750372731314,17,26,669
2019-09-04,201909,San Francisco,single_page,-0.1555555520987655,0.0696594426166262,19,26,646
2019-09-04,201909,St. Louis,single_page,0.0,0.0842787680967929,26,26,617
2019-10-16,201910,Atlanta,single_page,0.0399999992,0.0851788754937327,26,24,587
2019-10-16,201910,Boston,single_page,-0.1320754692061232,0.088480801187845,23,30,599
2019-10-16,201910,Chicago,single_page,-0.3488372011898325,0.077199281728547,14,29,557
2019-10-16,201910,Cleveland,single_page,0.0384615377218935,0.0784313724307219,27,25,663
2019-10-16,201910,Dallas,single_page,-0.2857142816326531,0.1125401927451122,25,45,622
2019-10-16,201910,Kansas City,single_page,-0.3454545391735538,0.0807635828476305,18,37,681
2019-10-16,201910,Minneapolis,single_page,0.0588235276816609,0.0573355816908337,18,16,593
2019-10-16,201910,New York,single_page,-0.102040814244065,0.0758513930714374,22,27,646
2019-10-16,201910,Philadelphia,single_page,0.0,0.0590163933458747,18,18,610
2019-10-16,201910,Richmond,single_page,-0.087719296706679,0.0858433733646937,26,31,664
2019-10-16,201910,San Francisco,single_page,-0.1111111090534979,0.0820668691761901,24,30,658
2019-10-16,201910,St. Louis,single_page,-0.1153846131656805,0.092198581396811,23,29,564
2019-11-27,201911,Atlanta,single_page,-0.063829785875962,0.0741324919966364,22,25,634
2019-11-27,201911,Boston,single_page,0.1052631551246538,0.0676156582426767,21,17,562
2019-11-27,201911,Chicago,single_page,-0.2093023207138995,0.0710743800478109,17,26,605
2019-11-27,201911,Cleveland,single_page,0.1698113175507298,0.0788690475016829,31,22,672
2019-11-27,201911,Dallas,single_page,-0.4181818105785125,0.0964912279008925,16,39,570
2019-11-27,201911,Kansas City,single_page,-0.183673465639317,0.0759689921302806,20,29,645
2019-11-27,201911,Minneapolis,single_page,-0.0697674402379665,0.0737564321204864,20,23,583
2019-11-27,201911,New York,single_page,-0.3043478194706996,0.0745542948548552,16,30,617
2019-11-27,201911,Philadelphia,single_page,-0.1739130396975426,0.0751633985699944,19,27,612
2019-11-27,201911,Richmond,single_page,-0.1071428552295918,0.0811594201722327,25,31,690
2019-11-27,201911,San Francisco,single_page,0.2558139475392105,0.0637982194899136,27,16,674
2019-11-27,201911,St. Louis,single_page,-0.1764705830449828,0.0531249999169921,14,20,640
2020-01-15,202001,Atlanta,single_page,0.0,0.084602368723177,25,25,591
2020-01-15,202001,Boston,single_page,0.1578947326869807,0.0688405795854337,22,16,552
2020-01-15,202001,Chicago,single_page,0.0,0.079847908593445,21,21,526
2020-01-15,202001,Cleveland,single_page,0.0909090892561983,0.08540372657546,30,25,644
2020-01-15,202001,Dallas,single_page,-0.1363636332644628,0.0842911875779862,19,25,522
2020-01-15,202001,Kansas City,single_page,-0.061224488546439,0.072592592485048,23,26,675
2020-01-15,202001,Minneapolis,single_page,0.1351351314828343,0.0624999998944256,21,16,592
2020-01-15,202001,New York,single_page,-0.04999999875,0.0636942674144995,19,21,628
2020-01-15,202001,Philadelphia,single_page,-0.0370370363511659,0.0821917806968161,26,28,657
2020-01-15,202001,Richmond,single_page,-0.0434782599243856,0.0681481480471879,22,24,675
2020-01-15,202001,San Francisco,single_page,0.1379310321046374,0.0816901407300138,33,25,710
2020-01-15,202001,St. Louis,single_page,0.1999999963636364,0.0919732439933557,33,22,598
2020-03-04,202003,Atlanta,single_page,-0.153846150887574,0.0868113521088291,22,30,599
2020-03-04,202003,Boston,single_page,0.020408162848813,0.0762052875953261,25,24,643
2020-03-04,202003,Chicago,single_page,-0.1219512165377752,0.0690235689073677,18,23,594
2020-03-04,202003,Cleveland,single_page,-0.1044776103809311,0.1002994010474559,30,37,668
2020-03-04,202003,Dallas,single_page,-0.4693877455226991,0.0850694442967544,13,36,576
2020-03-04,202003,Kansas City,single_page,-0.0491803270626175,0.0915915914540666,29,32,666
2020-03-04,202003,Minneapolis,single_page,0.3749999882812504,0.0555555554591049,22,10,576
2020-03-04,202003,New York,single_page,-0.1304347797731569,0.0765391013701512,20,26,601
2020-03-04,202003,Philadelphia,single_page,-0.2499999947916668,0.0753532180920671,18,30,637
2020-03-04,202003,Richmond,single_page,0.263157890120037,0.0875576035521388,36,21,651
2020-03-04,202003,San Francisco,single_page,-0.0153846151479289,0.0901525657556829,32,33,721
2020-03-04,202003,St. Louis,single_page,0.2830188625845498,0.0799396680543896,34,19,663
2020-04-15,202004,Atlanta,single_page,-0.5952380881519276,0.1021897808975793,17,67,822
2020-04-15,202004,Boston,single_page,-0.3454545391735538,0.0867507885067022,18,37,634
2020-04-15,202004,Chicago,single_page,-0.5714285632653062,0.1083591329591963,15,55,646
2020-04-15,202004,Cleveland,single_page,-0.828571416734694,0.1083591329591963,6,64,646
2020-04-15,202004,Dallas,single_page,-0.7894736738227148,0.1181959562703017,8,68,643
2020-04-15,202004,Kansas City,single_page,-0.5999999929411766,0.1268656714524393,17,68,670
2020-04-15,202004,Minneapolis,single_page,-0.4722222156635803,0.1161290320707596,19,53,620
2020-04-15,202004,New York,single_page,-0.5616438279226873,0.1130030958003048,16,57,646
2020-04-15,202004,Philadelphia,single_page,-0.4871794809335964,0.1280788175236801,20,58,609
2020-04-15,202004,Richmond,single_page,-0.5999999925000001,0.1106500690032502,16,64,723
2020-04-15,202004,San Francisco,single_page,-0.6578947281855957,0.1084165476342132,13,63,701
2020-04-15,202004,St. Louis,single_page,-0.6060605968778697,0.1073170729962324,13,53,615
2020-05-27,202005,Atlanta,single_page,-0.5531914834766863,0.117499999853125,21,73,800
2020-05-27,202005,Boston,single_page,-0.3962264076183697,0.0867430440478837,16,37,611
2020-05-27,202005,Chicago,single_page,-0.5294117569204153,0.1150592214635207,16,52,591
2020-05-27,202005,Cleveland,single_page,-0.552941169965398,0.1197183096905376,19,66,710
2020-05-27,202005,Dallas,single_page,-0.7037036950160038,0.119645494653404,12,69,677
2020-05-27,202005,Kansas City,single_page,-0.6626505944258965,0.1227810649071286,14,69,676
2020-05-27,202005,Minneapolis,single_page,-0.5312499916992189,0.1037277145806682,15,49,617
2020-05-27,202005,New York,single_page,-0.3866666615111112,0.11144130741242,23,52,673
2020-05-27,202005,Philadelphia,single_page,-0.5211267532235668,0.1219931269381561,17,54,582
2020-05-27,202005,Richmond,single_page,-0.6749999915625001,0.1162790695984315,13,67,688
2020-05-27,202005,San Francisco,single_page,-0.6499999918750001,0.1037613487629554,14,66,771
2020-05-27,202005,St. Louis,single_page,-0.3650793592844546,0.1048252910069462,20,43,601
2020-07-15,202007,Atlanta,single_page,-0.3437499946289064,0.0914285712979591,21,43,700
2020-07-15,202007,Boston,single_page,-0.3333333274853802,0.0839469807305641,19,38,679
2020-07-15,202007,Chicago,single_page,-0.2222222181069959,0.0839813373499512,21,33,643
2020-07-15,202007,Cleveland,single_page,-0.3888888834876544,0.1048034932972292,22,50,687
2020-07-15,202007,Dallas,single_page,-0.1358024674592288,0.1194690263724645,35,46,678
2020-07-15,202007,Kansas City,single_page,-0.4084506984725254,0.1061285499161008,21,50,669
2020-07-15,202007,Minneapolis,single_page,-0.3333333277777779,0.0952380950869236,20,40,630
2020-07-15,202007,New York,single_page,-0.1891891866325785,0.1102831592991309,30,44,671
2020-07-15,202007,Philadelphia,single_page,-0.2238805936734239,0.1107438014698449,26,41,605
2020-07-15,202007,Richmond,single_page,-0.4920634842529606,0.0861833104156179,16,47,731
2020-07-15,202007,San Francisco,single_page,-0.3866666615111112,0.1004016062912963,23,52,747
2020-07-15,202007,St. Louis,single_page,-0.3684210461680518,0.0945273630273178,18,39,603
2020-09-02,202009,Atlanta,single_page,-0.4366197121602858,0.0982019362403845,20,51,723
2020-09-02,202009,Boston,single_page,-0.3599999928000001,0.0751879698117474,16,34,665
2020-09-02,202009,Chicago,single_page,-0.2173912996219282,0.0721003133666139,18,28,638
2020-09-02,202009,Cleveland,single_page,-0.0769230757396449,0.0937950936597473,30,35,693
2020-09-02,202009,Dallas,single_page,-0.4098360588551465,0.1033898303332375,18,43,590
2020-09-02,202009,Kansas City,single_page,-0.1111111090534979,0.0815709968556329,24,30,662
2020-09-02,202009,Minneapolis,single_page,-0.2916666605902779,0.0751173707744642,17,31,639
2020-09-02,202009,New York,single_page,-0.3448275802615934,0.0889570550782867,19,39,652
2020-09-02,202009,Philadelphia,single_page,-0.4492753558076036,0.1058282206965824,19,50,652
2020-09-02,202009,Richmond,single_page,-0.2307692272189349,0.0923295453233955,25,40,704
2020-09-02,202009,San Francisco,single_page,-0.1923076886094675,0.0690571048219693,21,31,753
2020-09-02,202009,St. Louis,single_page,-0.2549019557862362,0.0790697673192716,19,32,645
2020-10-21,202010,Atlanta,single_page,-0.2173913011972275,0.0995670994234241,27,42,693
2020-10-21,202010,Boston,single_page,-0.3043478194706996,0.0709876542114388,16,30,648
2020-10-21,202010,Chicago,single_page,-0.2727272677685951,0.0859374998657226,20,35,640
2020-10-21,202010,Cleveland,single_page,-0.2592592544581619,0.0819423367497081,20,34,659
2020-10-21,202010,Dallas,single_page,-0.2698412655580751,0.1004784687392687,23,40,627
2020-10-21,202010,Kansas City,single_page,-0.4285714198250731,0.0732436471251963,14,35,669
2020-10-21,202010,Minneapolis,single_page,-0.2799999944000001,0.0792393025685589,18,32,631
2020-10-21,202010,New York,single_page,-0.154929575282682,0.1054977710170909,30,41,673
2020-10-21,202010,Philadelphia,single_page,-0.4246575284293489,0.1192810455567303,21,52,612
2020-10-21,202010,Richmond,single_page,-0.1272727249586777,0.074324324223886,24,31,740
2020-10-21,202010,San Francisco,single_page,-0.103448274078478,0.0781671157976184,26,32,742
2020-10-21,202010,St. Louis,single_page,-0.2727272677685951,0.0852713176972537,20,35,645
2020-12-02,202012,Atlanta,single_page,-0.1666666631944445,0.0665742024041966,20,28,721
2020-12-02,202012,Boston,single_page,-0.3090909034710745,0.0879999998592,19,36,625
2020-12-02,202012,Chicago,single_page,0.1794871748849442,0.0703971117862868,23,16,554
2020-12-02,202012,Cleveland,single_page,0.0312499995117187,0.0953800296641132,33,31,671
2020-12-02,202012,Dallas,single_page,-0.4025973973688649,0.1159638552470423,23,54,664
2020-12-02,202012,Kansas City,single_page,-0.0566037725169099,0.0761494251779462,25,28,696
2020-12-02,202012,Minneapolis,single_page,-0.1785714253826531,0.0844645549253928,23,33,663
2020-12-02,202012,New York,single_page,-0.285714280612245,0.087363494403489,20,36,641
2020-12-02,202012,Philadelphia,single_page,-0.4925373060815328,0.1109271521342265,17,50,604
2020-12-02,202012,Richmond,single_page,-0.0909090888429752,0.0619718308986312,20,24,710
2020-12-02,202012,San Francisco,single_page,0.0181818178512396,0.0753424656502158,28,27,730
2020-12-02,202012,St. Louis,single_page,-0.191489357627886,0.0728682169412895,19,28,645
2021-01-13,202101,Atlanta,single_page,-0.2363636320661158,0.0758620688608799,21,34,725
2021-01-13,202101,Boston,single_page,-0.0434782599243856,0.074313408603694,22,24,619
2021-01-13,202101,Chicago,single_page,-0.0980392137639369,0.0822580643834547,23,28,620
2021-01-13,202101,Cleveland,single_page,-0.2542372838264867,0.085507246252888,22,37,690
2021-01-13,202101,Dallas,single_page,-0.263157890120037,0.0928338760703031,21,36,614
2021-01-13,202101,Kansas City,single_page,0.0491803270626175,0.0876436780349947,32,29,696
2021-01-13,202101,Minneapolis,single_page,-0.2692307640532545,0.0824088746713013,19,33,631
2021-01-13,202101,New York,single_page,-0.4098360588551465,0.1040955629622942,18,43,586
2021-01-13,202101,Philadelphia,single_page,-0.2888888824691359,0.0858778624315308,16,29,524
2021-01-13,202101,Richmond,single_page,-0.6206896444708683,0.0835734869112774,11,47,694
2021-01-13,202101,San Francisco,single_page,-0.076923075443787,0.0697986576244313,24,28,745
2021-01-13,202101,St. Louis,single_page,-0.1794871748849442,0.0652173911952886,16,23,598
2021-03-03,202103,Atlanta,single_page,-0.1304347807183365,0.0904325031580177,30,39,763
2021-03-03,202103,Boston,single_page,-0.0909090892561983,0.0870253163179979,25,30,632
2021-03-03,202103,Chicago,single_page,-0.0909090888429752,0.0690737832510615,20,24,637
2021-03-03,202103,Cleveland,single_page,0.0,0.1013024600560022,35,35,691
2021-03-03,202103,Dallas,single_page,-0.3866666615111112,0.1171874998168945,23,52,640
2021-03-03,202103,Kansas City,single_page,0.1320754692061232,0.0753911805470964,30,23,703
2021-03-03,202103,Minneapolis,single_page,-0.0740740727023319,0.0826952525532997,25,29,653
2021-03-03,202103,New York,single_page,-0.2058823499134948,0.10879999982592,27,41,625
2021-03-03,202103,Philadelphia,single_page,-0.2444444390123458,0.0773195874960144,17,28,582
2021-03-03,202103,Richmond,single_page,-0.2280701714373654,0.0818965516064704,22,35,696
2021-03-03,202103,San Francisco,single_page,-0.076923075443787,0.0719225448521126,24,28,723
2021-03-03,202103,St. Louis,single_page,-0.3333333277777779,0.08955223867231,20,40,670
2021-04-14,202104,Atlanta,single_page,-0.124999998046875,0.093979441859061,28,36,681
2021-04-14,202104,Boston,single_page,0.1929824527546938,0.0839469807305641,34,23,679
2021-04-14,202104,Chicago,single_page,-0.1186440657856938,0.0930599367617351,26,33,634
2021-04-14,202104,Cleveland,single_page,0.0909090895316804,0.0976331359502468,36,30,676
2021-04-14,202104,Dallas,single_page,-0.2142857117346939,0.1189801698031442,33,51,706
2021-04-14,202104,Kansas City,single_page,0.3658536496133256,0.0601173019646373,28,13,682
2021-04-14,202104,Minneapolis,single_page,0.3114754047299114,0.0938461537017751,40,21,650
2021-04-14,202104,New York,single_page,0.2131147506046762,0.0968253966717057,37,24,630
2021-04-14,202104,Philadelphia,single_page,-0.4634146228435458,0.0676567655649228,11,30,606
2021-04-14,202104,Richmond,single_page,-0.1929824527546938,0.078512396586071,23,34,726
2021-04-14,202104,San Francisco,single_page,-0.0624999990234375,0.0832249673820221,30,34,769
2021-04-14,202104,St. Louis,single_page,-0.0454545444214876,0.0695102684525904,21,23,633
2021-06-02,202106,Atlanta,single_page,-0.1212121193755739,0.0863874344419012,29,37,764
2021-06-02,202106,Boston,single_page,0.1562499975585937,0.0962406013590366,37,27,665
2021-06-02,202106,Chicago,single_page,0.020408162848813,0.0764430576030529,25,24,641
2021-06-02,202106,Cleveland,single_page,0.1014492738920395,0.1050228308903762,38,31,657
2021-06-02,202106,Dallas,single_page,-0.2747252717063157,0.1197368419477146,33,58,760
2021-06-02,202106,Kansas City,single_page,0.0,0.0564263321999587,18,18,638
2021-06-02,202106,Minneapolis,single_page,0.0666666655555555,0.0862068964278636,32,28,696
2021-06-02,202106,New York,single_page,0.1475409811878527,0.0968253966717057,35,26,630
2021-06-02,202106,Philadelphia,single_page,-0.3617021199637847,0.0761750403951782,15,32,617
2021-06-02,202106,Richmond,single_page,-0.1818181790633609,0.095930232418706,27,39,688
2021-06-02,202106,San Francisco,single_page,-0.3571428507653063,0.0804597699993394,18,38,696
2021-06-02,202106,St. Louis,single_page,-0.0999999983333333,0.0888888887572016,27,33,675
2021-07-14,202107,Atlanta,single_page,-0.1780821893413398,0.0986486485153396,30,43,740
2021-07-14,202107,Boston,single_page,0.3230769181065089,0.0968703426276149,43,22,671
2021-07-14,202107,Chicago,single_page,-0.1320754692061232,0.0843949043242119,23,30,628
2021-07-14,202107,Cleveland,single_page,-0.0937499985351562,0.0931586607086482,29,35,687
2021-07-14,202107,Dallas,single_page,-0.2592592560585277,0.1088709675956035,30,51,744
2021-07-14,202107,Kansas City,single_page,0.1304347797731569,0.0675477238362001,26,20,681
2021-07-14,202107,Minneapolis,single_page,0.0212765952919873,0.0718654433151904,24,23,654
2021-07-14,202107,New York,single_page,0.2452830142399431,0.0839936607226724,33,20,631
2021-07-14,202107,Philadelphia,single_page,-0.2499999947916668,0.0794701985439235,18,30,604
2021-07-14,202107,Richmond,single_page,-0.3043478194706996,0.0669577873843409,16,30,687
2021-07-14,202107,San Francisco,single_page,-0.2727272685950413,0.0900409275715676,24,42,733
2021-07-14,202107,St. Louis,single_page,0.0212765952919873,0.0729813663463022,24,23,644
2021-09-08,202109,Atlanta,single_page,-0.2698412655580751,0.0866574964420116,23,40,727
2021-09-08,202109,Boston,single_page,-0.2786885200214997,0.0945736432642269,22,39,645
2021-09-08,202109,Chicago,single_page,-0.1599999968,0.0762195120789336,21,29,656
2021-09-08,202109,Cleveland,single_page,-0.3235294070069205,0.0972818310482377,23,45,699
2021-09-08,202109,Dallas,single_page,-0.2285714253061225,0.1088646965647516,27,43,643
2021-09-08,202109,Kansas City,single_page,-0.2499999947916668,0.0737327187807485,18,30,651
2021-09-08,202109,Minneapolis,single_page,-0.1818181790633609,0.1020092734126595,27,39,647
2021-09-08,202109,New York,single_page,-0.1153846131656805,0.0791476406710081,23,29,657
2021-09-08,202109,Philadelphia,single_page,-0.4827586123662308,0.1058394158652565,15,43,548
2021-09-08,202109,Richmond,single_page,-0.285714280612245,0.081277213234721,20,36,689
2021-09-08,202109,San Francisco,single_page,-0.4838709599375652,0.0937972767113505,16,46,661
2021-09-08,202109,St. Louis,single_page,-0.2075471658953365,0.0814132103204098,21,32,651
2021-10-20,202110,Atlanta,single_page,-0.4117647010380623,0.1202263081750688,25,60,707
2021-10-20,202110,Boston,single_page,-0.0158730156210632,0.0945945944525606,31,32,666
2021-10-20,202110,Chicago,single_page,-0.3461538394970415,0.0825396824086671,17,35,630
2021-10-20,202110,Cleveland,single_page,-0.2352941141868512,0.1011904760398951,26,42,672
2021-10-20,202110,Dallas,single_page,-0.2307692272189349,0.0965824664240973,25,40,673
2021-10-20,202110,Kansas City,single_page,-0.4074073998628259,0.0842433696033644,16,38,641
2021-10-20,202110,Minneapolis,single_page,-0.2758620642092748,0.086309523681087,21,37,672
2021-10-20,202110,New York,single_page,-0.1594202875446335,0.1031390132987458,29,40,669
2021-10-20,202110,Philadelphia,single_page,-0.4339622559629763,0.0887772192817802,15,38,597
2021-10-20,202110,Richmond,single_page,-0.4936708798269509,0.1085164833674224,20,59,728
2021-10-20,202110,San Francisco,single_page,-0.2830188625845498,0.0834645667976936,19,34,635
2021-10-20,202110,St. Louis,single_page,-0.2131147506046762,0.0999999998360655,24,37,610
2021-12-01,202112,Atlanta,single_page,-0.2063492030738221,0.0936106982264328,25,38,673
2021-12-01,202112,Boston,single_page,-0.1666666638888889,0.0879765394604449,25,35,682
2021-12-01,202112,Chicago,single_page,0.0384615377218935,0.0834670945690736,27,25,623
2021-12-01,202112,Cleveland,single_page,-0.0833333321759259,0.1130298271381007,33,39,637
2021-12-01,202112,Dallas,single_page,-0.2368421021468144,0.1039671681204279,29,47,731
2021-12-01,202112,Kansas City,single_page,-0.2195121897679953,0.0651828297850829,16,25,629
2021-12-01,202112,Minneapolis,single_page,-0.3793103382877528,0.0859259257986282,18,40,675
2021-12-01,202112,New York,single_page,0.0140845068438801,0.1053412461345085,36,35,674
2021-12-01,202112,Philadelphia,single_page,-0.189189184075968,0.0629251699610116,15,22,588
2021-12-01,202112,Richmond,single_page,-0.3220338928468831,0.0818307904551584,20,39,721
2021-12-01,202112,San Francisco,single_page,-0.3230769181065089,0.0881953865831813,22,43,737
2021-12-01,202112,St. Louis,single_page,-0.1999999955555556,0.0703124998901367,18,27,640
2022-01-12,202201,Atlanta,single_page,-0.4374999931640626,0.0883977899331522,18,46,724
2022-01-12,202201,Boston,single_page,0.138461536331361,0.0932568147872929,37,28,697
2022-01-12,202201,Chicago,single_page,-0.224489791336943,0.0812603647076942,19,30,603
2022-01-12,202201,Cleveland,single_page,-0.2835820853196704,0.1018237080519396,24,43,658
2022-01-12,202201,Dallas,single_page,-0.2631578912742383,0.111273791930785,28,48,683
2022-01-12,202201,Kansas City,single_page,-0.1186440657856938,0.080054273975503,26,33,737
2022-01-12,202201,Minneapolis,single_page,-0.2881355883366849,0.0860058307784171,21,38,686
2022-01-12,202201,New York,single_page,-0.3650793592844546,0.1051752919780045,20,43,599
2022-01-12,202201,Philadelphia,single_page,-0.4166666579861113,0.0806722687719793,14,34,595
2022-01-12,202201,Richmond,single_page,-0.466666658888889,0.0845070421344971,16,44,710
2022-01-12,202201,San Francisco,single_page,-0.3928571358418369,0.0837070252859386,17,39,669
2022-01-12,202201,St. Louis,single_page,-0.1739130396975426,0.0739549838039309,19,27,622
2022-03-02,202203,Atlanta,single_page,0.0,0.0694645440384015,24,24,691
2022-03-02,202203,Boston,single_page,-0.1343283562040544,0.0946327682279198,29,38,708
2022-03-02,202203,Chicago,single_page,-0.163636360661157,0.0870253163179979,23,32,632
2022-03-02,202203,Cleveland,single_page,-0.2222222191358025,0.1063515508030257,28,44,677
2022-03-02,202203,Dallas,single_page,-0.3902438976799525,0.1281249997998046,25,57,640
2022-03-02,202203,Kansas City,single_page,-0.1562499975585937,0.0923520922188281,27,37,693
2022-03-02,202203,Minneapolis,single_page,-0.2340425482118606,0.0692194402515177,18,29,679
2022-03-02,202203,New York,single_page,-0.3424657487333459,0.1177419352939646,24,49,620
2022-03-02,202203,Philadelphia,single_page,-0.476190464852608,0.0739436618416484,11,31,568
2022-03-02,202203,Richmond,single_page,-0.3698630086320136,0.1038406826403404,23,50,703
2022-03-02,202203,San Francisco,single_page,-0.263157890120037,0.0810810809657452,21,36,703
2022-03-02,202203,St. Louis,single_page,-0.3478260793950852,0.0750407829118421,15,31,613
2022-04-20,202204,Atlanta,single_page,-0.1940298478503007,0.0900537633198202,27,40,744
2022-04-20,202204,Boston,single_page,-0.193548383975026,0.0864714085265391,25,37,717
2022-04-20,202204,Chicago,single_page,-0.1874999970703125,0.1017488074693977,26,38,629
2022-04-20,202204,Cleveland,single_page,-0.2098765406188081,0.1103542232828961,32,49,734
2022-04-20,202204,Dallas,single_page,-0.3333333287037038,0.1032998563797706,24,48,697
2022-04-20,202204,Kansas City,single_page,-0.230769226331361,0.0746054518298343,20,32,697
2022-04-20,202204,Minneapolis,single_page,0.0,0.0877192981173694,30,30,684
2022-04-20,202204,New York,single_page,-0.0909090897284533,0.1170212764179007,35,42,658
2022-04-20,202204,Philadelphia,single_page,-0.4999999861111115,0.0584415583466857,9,27,616
2022-04-20,202204,Richmond,single_page,-0.2903225759625391,0.0852819806254718,22,40,727
2022-04-20,202204,San Francisco,single_page,-0.3333333271604939,0.0820668691761901,18,36,658
2022-04-20,202204,St. Louis,single_page,-0.1320754692061232,0.0830721001832725,23,30,638
2022-06-01,202206,Atlanta,single_page,-0.3448275802615934,0.0805555554436728,19,39,720
2022-06-01,202206,Boston,single_page,-0.2987012948220611,0.1099999998428571,27,50,700
2022-06-01,202206,Chicago,single_page,-0.102040814244065,0.0792880257616698,22,27,618
2022-06-01,202206,Cleveland,single_page,-0.3442622894383231,0.0849582171518687,20,41,718
2022-06-01,202206,Dallas,single_page,-0.4594594532505479,0.1008174385547446,20,54,734
2022-06-01,202206,Kansas City,single_page,-0.1578947340720222,0.078189300304267,24,33,729
2022-06-01,202206,Minneapolis,single_page,-0.0416666657986111,0.0699708453790512,23,25,686
2022-06-01,202206,New York,single_page,-0.2631578912742383,0.1165644169991343,28,48,652
2022-06-01,202206,Philadelphia,single_page,-0.6279069621416986,0.0703764319633773,8,35,611
2022-06-01,202206,Richmond,single_page,-0.3939393879706153,0.0937499998668323,20,46,704
2022-06-01,202206,San Francisco,single_page,-0.1707317031528853,0.0617469878588147,17,24,664
2022-06-01,202206,St. Louis,single_page,-0.1489361670439113,0.0778145694075917,20,27,604
2022-07-13,202207,Atlanta,single_page,-0.5666666572222224,0.0882352939878892,13,47,680
2022-07-13,202207,Boston,single_page,-0.1168831153651543,0.1152694609052852,34,43,668
2022-07-13,202207,Chicago,single_page,-0.4444444362139919,0.0873786406353096,15,39,618
2022-07-13,202207,Cleveland,single_page,-0.3698630086320136,0.1012482661563824,23,50,721
2022-07-13,202207,Dallas,single_page,-0.5128205062458909,0.106267029827974,19,59,734
2022-07-13,202207,Kansas City,single_page,-0.3428571379591837,0.1021897808727156,23,47,685
2022-07-13,202207,Minneapolis,single_page,-0.0434782599243856,0.0680473371774447,22,24,676
2022-07-13,202207,New York,single_page,-0.2352941141868512,0.1074249603358215,26,42,633
2022-07-13,202207,Philadelphia,single_page,-0.6470588108419841,0.084717607832695,9,42,602
2022-07-13,202207,Richmond,single_page,-0.4411764641003461,0.0947075207594602,19,49,718
2022-07-13,202207,San Francisco,single_page,-0.380281684784765,0.0969945353866195,22,49,732
2022-07-13,202207,St. Louis,single_page,-0.238095232426304,0.0739436618416484,16,26,568
2022-09-07,202209,Atlanta,single_page,-0.5696202459541742,0.1166912849088755,17,62,677
2022-09-07,202209,Boston,single_page,-0.2499999965277778,0.0979591835401915,27,45,735
2022-09-07,202209,Chicago,single_page,-0.2999999950000001,0.0949367087105431,21,39,632
2022-09-07,202209,Cleveland,single_page,-0.2075471658953365,0.0826833072033021,21,32,641
2022-09-07,202209,Dallas,single_page,-0.4492753558076036,0.1034482757069741,19,50,667
2022-09-07,202209,Kansas City,single_page,-0.4848484775022958,0.0949640286403395,17,49,695
2022-09-07,202209,Minneapolis,single_page,-0.1746031718316956,0.0929203538452502,26,37,678
2022-09-07,202209,New York,single_page,-0.3157894695290859,0.1187499998144531,26,50,640
2022-09-07,202209,Philadelphia,single_page,-0.4074073998628259,0.0929432012169652,16,38,581
2022-09-07,202209,Richmond,single_page,-0.1379310321046374,0.078272604482763,25,33,741
2022-09-07,202209,San Francisco,single_page,-0.3424657487333459,0.103988603840472,24,49,702
2022-09-07,202209,St. Louis,single_page,-0.6444444301234571,0.0737704916823434,8,37,610
2022-10-19,202210,Atlanta,single_page,-0.2676056300337235,0.0997191009835405,26,45,712
2022-10-19,202210,Boston,single_page,-0.1692307666272189,0.0937950936597473,27,38,693
2022-10-19,202210,Chicago,single_page,-0.3103448222354341,0.0922098567691417,20,38,629
2022-10-19,202210,Cleveland,single_page,-0.3793103382877528,0.0861812777322715,18,40,673
2022-10-19,202210,Dallas,single_page,-0.6341463337299228,0.1143654112770356,15,67,717
2022-10-19,202210,Kansas City,single_page,-0.3770491741467349,0.0824324323210372,19,42,740
2022-10-19,202210,Minneapolis,single_page,-0.230769226331361,0.0786686836933907,20,32,661
2022-10-19,202210,New York,single_page,-0.4153846089940829,0.1026856238504176,19,46,633
2022-10-19,202210,Philadelphia,single_page,-0.4545454462809919,0.0912106134474119,15,40,603
2022-10-19,202210,Richmond,single_page,-0.4603174530108341,0.0858310625533636,17,46,734
2022-10-19,202210,San Francisco,single_page,-0.350649346095463,0.093333333220202,25,52,825
2022-10-19,202210,St. Louis,single_page,-0.3124999951171875,0.0959520238441498,22,42,667
2022-11-30,202211,Atlanta,single_page,-0.5072463694601975,0.1020710057661671,17,52,676
2022-11-30,202211,Boston,single_page,-0.1081081066471877,0.1078717199593706,33,41,686
2022-11-30,202211,Chicago,single_page,-0.1764705847750866,0.0860033725362506,21,30,593
2022-11-30,202211,Cleveland,single_page,-0.5757575670339763,0.0967741934064894,14,52,682
2022-11-30,202211,Dallas,single_page,-0.6626505944258965,0.116573033544139,14,69,712
2022-11-30,202211,Kansas City,single_page,-0.4492753558076036,0.0975954736950559,19,50,707
2022-11-30,202211,Minneapolis,single_page,-0.3214285656887756,0.0817518246981725,19,37,685
2022-11-30,202211,New York,single_page,-0.4999999916666668,0.0946372238254933,15,45,634
2022-11-30,202211,Philadelphia,single_page,-0.1999999955555556,0.0740131577730046,18,27,608
2022-11-30,202211,Richmond,single_page,-0.37037036351166,0.0743801651868041,17,37,726
2022-11-30,202211,San Francisco,single_page,-0.3866666615111112,0.0981675391385241,23,52,764
2022-11-30,202211,St. Louis,single_page,-0.5263157756232691,0.0618892507135354,9,29,614
2023-01-18,202301,Atlanta,single_page,-0.6164383477200227,0.1075110454970382,14,59,679
2023-01-18,202301,Boston,single_page,-0.0864197520195092,0.1140845068815711,37,44,710
2023-01-18,202301,Chicago,single_page,-0.3432835769659167,0.108239095140163,22,45,619
2023-01-18,202301,Cleveland,single_page,-0.4333333261111112,0.0879765394604449,17,43,682
2023-01-18,202301,Dallas,single_page,-0.5833333252314816,0.1079460268246686,15,57,667
2023-01-18,202301,Kansas City,single_page,-0.5806451519250783,0.0872011250531629,13,49,711
2023-01-18,202301,Minneapolis,single_page,-0.1923076886094675,0.0822784808824707,21,31,632
2023-01-18,202301,New York,single_page,-0.3142857097959184,0.1097178681665864,24,46,638
2023-01-18,202301,Philadelphia,single_page,-0.3725490123029605,0.0814696484321571,16,35,626
2023-01-18,202301,Richmond,single_page,-0.3333333274853802,0.0817790529673184,19,38,697
2023-01-18,202301,San Francisco,single_page,-0.1948051922752572,0.1017173050175465,31,46,757
2023-01-18,202301,St. Louis,single_page,-0.2692307640532545,0.0868113521088291,19,33,599
2023-03-08,202303,Atlanta,single_page,-0.3538461484023669,0.0902777776523919,21,44,720
2023-03-08,202303,Boston,single_page,0.0389610384550514,0.1140740739050754,40,37,675
2023-03-08,202303,Chicago,single_page,-0.1739130396975426,0.0754098359419511,19,27,610
2023-03-08,202303,Cleveland,single_page,-0.2916666605902779,0.0713224367439488,17,31,673
2023-03-08,202303,Dallas,single_page,-0.3684210477839336,0.1122599702920827,24,52,677
2023-03-08,202303,Kansas City,single_page,-0.4029850686121631,0.0944992946480969,20,47,709
2023-03-08,202303,Minneapolis,single_page,-0.0999999975,0.0628930816621178,18,22,636
2023-03-08,202303,New York,single_page,-0.096774191987513,0.0984126982564877,28,34,630
2023-03-08,202303,Philadelphia,single_page,-0.37037036351166,0.0882352939734717,17,37,612
2023-03-08,202303,Richmond,single_page,-0.2222222181069959,0.0774748922848279,21,33,697
2023-03-08,202303,San Francisco,single_page,-0.1578947340720222,0.0753968252970941,24,33,756
2023-03-08,202303,St. Louis,single_page,-0.1999999960000001,0.0717360113748407,20,30,697
2023-04-19,202304,Atlanta,single_page,-0.2272727246900826,0.1299852287592537,34,54,677
2023-04-19,202304,Boston,single_page,-0.3793103382877528,0.0838150287806141,18,40,692
2023-04-19,202304,Chicago,single_page,-0.2238805936734239,0.10719999982848,26,41,625
2023-04-19,202304,Cleveland,single_page,-0.224489791336943,0.0764430576030529,19,30,641
2023-04-19,202304,Dallas,single_page,-0.5384615315581855,0.1123919306737868,18,60,694
2023-04-19,202304,Kansas City,single_page,-0.3333333295019157,0.1237553341056112,29,58,703
2023-04-19,202304,Minneapolis,single_page,-0.1864406748060902,0.0872781063797661,24,35,676
2023-04-19,202304,New York,single_page,-0.3333333280423281,0.0990566036178355,21,42,636
2023-04-19,202304,Philadelphia,single_page,-0.593220328928469,0.0939490444363868,12,47,628
2023-04-19,202304,Richmond,single_page,-0.4642857059948981,0.078541374363897,15,41,713
2023-04-19,202304,San Francisco,single_page,-0.2799999962666667,0.1091703055179471,27,48,687
2023-04-19,202304,St. Louis,single_page,-0.0980392137639369,0.08159999986944,23,28,625
2023-05-31,202305,Atlanta,fullrp,-0.3333333282828283,0.0966325035188396,22,44,683
2023-05-31,202305,Boston,fullrp,-0.3421052586565097,0.1106259095915197,25,51,687
2023-05-31,202305,Chicago,fullrp,-0.4237288063774779,0.0940988834224898,17,42,627
2023-05-31,202305,Cleveland,fullrp,-0.2537313394965472,0.0999999998507462,25,42,670
2023-05-31,202305,Dallas,fullrp,-0.4328358144352863,0.1006006004495486,19,48,666
2023-05-31,202305,Kansas City,fullrp,-0.4838709599375652,0.0893371756637792,16,46,694
2023-05-31,202305,Minneapolis,fullrp,-0.0370370363511659,0.0821917806968161,26,28,657
2023-05-31,202305,New York,fullrp,-0.3333333274853802,0.093442622797635,19,38,610
2023-05-31,202305,Philadelphia,fullrp,-0.3898305018672796,0.0968801312038093,18,41,609
2023-05-31,202305,Richmond,fullrp,-0.3749999921875002,0.0692640691641211,15,33,693
2023-05-31,202305,San Francisco,fullrp,-0.2786885200214997,0.0891812864193256,22,39,684
2023-05-31,202305,St. Louis,fullrp,-0.4347825992438565,0.0704441040268849,13,33,653
2023-07-12,202307,Atlanta,single_page,-0.2786885200214997,0.0884057969733249,22,39,690
2023-07-12,202307,Boston,single_page,0.0,0.0994152045330187,34,34,684
2023-07-12,202307,Chicago,single_page,-0.466666658888889,0.0983606555764579,16,44,610
2023-07-12,202307,Cleveland,single_page,-0.1940298478503007,0.1019786908645682,27,40,657
2023-07-12,202307,Dallas,single_page,-0.4999999921875001,0.0915593703983413,16,48,699
2023-07-12,202307,Kansas City,single_page,-0.3333333290598291,0.1083333331828703,26,52,720
2023-07-12,202307,Minneapolis,single_page,0.1489361670439113,0.0716463413541976,27,20,656
2023-07-12,202307,New York,single_page,-0.1746031718316956,0.0947368419628017,26,37,665
2023-07-12,202307,Philadelphia,single_page,-0.1803278658962645,0.0934150075139127,25,36,653
2023-07-12,202307,Richmond,single_page,-0.5686274398308345,0.0718309858143225,11,40,710
2023-07-12,202307,San Francisco,single_page,-0.29999999625,0.1144492129979267,28,52,699
2023-07-12,202307,St. Louis,single_page,-0.2999999950000001,0.0867052021868421,21,39,692
2023-09-06,202309,Atlanta,single_page,-0.152542370295892,0.0883233531611925,25,34,668
2023-09-06,202309,Boston,single_page,-0.0689655160523187,0.0849194727892833,27,31,683
2023-09-06,202309,Chicago,single_page,-0.2692307640532545,0.0869565215937182,19,33,598
2023-09-06,202309,Cleveland,single_page,-0.3749999941406251,0.0945347118249118,20,44,677
2023-09-06,202309,Dallas,single_page,-0.4133333278222223,0.1235584841457026,22,53,607
2023-09-06,202309,Kansas City,single_page,-0.2121212089072544,0.0969162994171566,26,40,681
2023-09-06,202309,Minneapolis,single_page,0.1999999960000001,0.0776397514322364,30,20,644
2023-09-06,202309,New York,single_page,-0.2698412655580751,0.093749999860491,23,40,672
2023-09-06,202309,Philadelphia,single_page,-0.2799999944000001,0.0778816198163837,18,32,642
2023-09-06,202309,Richmond,single_page,-0.3220338928468831,0.082172701835414,20,39,718
2023-09-06,202309,San Francisco,single_page,-0.1506849294426722,0.1025280897436403,31,42,712
2023-09-06,202309,St. Louis,single_page,-0.1063829764599366,0.0780730895713071,21,26,602
2023-10-18,202310,Atlanta,single_page,-0.5522387977277792,0.0995542346217619,15,52,673
2023-10-18,202310,Boston,single_page,-0.24999999609375,0.0960960959518076,24,40,666
2023-10-18,202310,Chicago,single_page,-0.4399999912000002,0.079872204345252,14,36,626
2023-10-18,202310,Cleveland,single_page,-0.2363636320661158,0.0772471909027427,21,34,712
2023-10-18,202310,Dallas,single_page,-0.4626865602584095,0.0980966323600342,18,49,683
2023-10-18,202310,Kansas City,single_page,-0.1666666638888889,0.0821917807093263,25,35,730
2023-10-18,202310,Minneapolis,single_page,0.2093023207138995,0.0649546826813373,26,17,662
2023-10-18,202310,New York,single_page,-0.1999999971428571,0.1024890188836178,28,42,683
2023-10-18,202310,Philadelphia,single_page,-0.2799999944000001,0.0789889414233982,18,32,633
2023-10-18,202310,Richmond,single_page,-0.3548387039542144,0.0890804596421257,20,42,696
2023-10-18,202310,San Francisco,single_page,-0.0312499995117187,0.0907801417152054,31,33,705
2023-10-18,202310,St. Louis,single_page,-0.3333333267973857,0.0779816512569087,17,34,654
2023-11-29,202311,Atlanta,single_page,-0.2982456088027086,0.0844444443193415,20,37,675
2023-11-29,202311,Boston,single_page,-0.1315789456371191,0.1160305341739991,33,43,655
2023-11-29,202311,Chicago,single_page,-0.1627906938885885,0.0759717313145375,18,25,566
2023-11-29,202311,Cleveland,single_page,-0.3898305018672796,0.0867647057547577,18,41,680
2023-11-29,202311,Dallas,single_page,-0.5789473608033242,0.1122599702920827,16,60,677
2023-11-29,202311,Kansas City,single_page,-0.4285714198250731,0.0677731672644907,14,35,723
2023-11-29,202311,Minneapolis,single_page,-0.1304347797731569,0.0739549838039309,20,26,622
2023-11-29,202311,New York,single_page,-0.2187499965820313,0.093979441859061,25,39,681
2023-11-29,202311,Philadelphia,single_page,-0.4666666562962965,0.0756302519737306,12,33,595
2023-11-29,202311,Richmond,single_page,-0.0476190464852608,0.0681818180711334,20,22,616
2023-11-29,202311,San Francisco,single_page,-0.2452830142399431,0.078286558230005,20,33,677
2023-11-29,202311,St. Louis,single_page,-0.4117646978085353,0.0836065572399892,15,36,610
2024-01-17,202401,Atlanta,split,-0.4603174530108341,0.0975232196632767,17,46,646
2024-01-17,202401,Boston,split,-0.0303030298438934,0.1041009462080426,32,34,634
2024-01-17,202401,Chicago,split,-0.2195121897679953,0.073345259260563,16,25,559
2024-01-17,202401,Cleveland,split,0.1555555520987655,0.0704225351010602,26,19,639
2024-01-17,202401,Dallas,split,-0.3898305018672796,0.0884557719813256,18,41,667
2024-01-17,202401,Kansas City,split,-0.4426229435635583,0.0951638064038006,17,44,641
2024-01-17,202401,Minneapolis,split,0.333333324786325,0.0649999998916666,26,13,600
2024-01-17,202401,New York,split,-0.2432432399561724,0.1081871343447556,28,46,684
2024-01-17,202401,Philadelphia,split,-0.1199999976,0.0811688310370635,22,28,616
2024-01-17,202401,Richmond,split,-0.4634146228435458,0.0631741139242309,11,30,649
2024-01-17,202401,San Francisco,split,-0.199999996923077,0.0989345508387602,26,39,657
2024-01-17,202401,St. Louis,split,-0.0416666657986111,0.0902255637401775,23,25,532
2024-03-06,202402,Atlanta,split,-0.3684210461680518,0.0807365437949907,18,39,706
2024-03-06,202402,Boston,split,0.0799999984,0.079872204345252,27,23,626
2024-03-06,202402,Chicago,split,-0.2363636320661158,0.0913621260940828,21,34,602
2024-03-06,202402,Cleveland,split,0.384615374753452,0.0610328637542521,27,12,639
2024-03-06,202402,Dallas,split,-0.4237288063774779,0.0978441126072237,17,42,603
2024-03-06,202402,Kansas City,split,-0.2054794492400075,0.1006896550335315,29,44,725
2024-03-06,202402,Minneapolis,split,-0.0909090892561983,0.0877192981057108,25,30,627
2024-03-06,202402,New York,split,-0.4782608626339005,0.1061538459905325,18,51,650
2024-03-06,202402,Philadelphia,split,-0.5833333211805558,0.0784313724208637,10,38,612
2024-03-06,202402,Richmond,split,-0.1923076886094675,0.079268292562091,21,31,656
2024-03-06,202402,San Francisco,split,-0.0447761187346847,0.0972423801201126,32,35,689
2024-03-06,202402,St. Louis,split,-0.307692301775148,0.0859504130810736,18,34,605
2024-04-17,202404,Atlanta,split,-0.1228070153893506,0.0874233127493507,25,32,652
2024-04-17,202404,Boston,split,0.1428571403061225,0.0893141944349056,32,24,627
2024-04-17,202404,Chicago,split,-0.3617021199637847,0.0760517798122139,15,32,618
2024-04-17,202404,Cleveland,split,0.1627906938885885,0.0649546826813373,25,18,662
2024-04-17,202404,Dallas,split,-0.5312499916992189,0.1015873014260519,15,49,630
2024-04-17,202404,Kansas City,split,-0.0312499995117187,0.087193460371671,31,33,734
2024-04-17,202404,Minneapolis,split,0.0833333315972222,0.0786885244611663,26,22,610
2024-04-17,202404,New York,split,-0.2467532435486591,0.114243323272636,29,48,674
2024-04-17,202404,Philadelphia,split,-0.2399999952000001,0.079872204345252,19,31,626
2024-04-17,202404,Richmond,split,-0.3559321973570814,0.0939490444363868,19,40,628
2024-04-17,202404,San Francisco,split,-0.0909090892561983,0.0799418603489217,25,30,688
2024-04-17,202404,St. Louis,split,-0.1153846131656805,0.0844155842785461,23,29,616
2024-05-29,202405,Atlanta,split,-0.2258064479708637,0.0878186967594636,24,38,706
2024-05-29,202405,Boston,split,-0.2542372838264867,0.0936507935021416,22,37,630
2024-05-29,202405,Chicago,split,-0.2727272665289257,0.0698412697304106,16,28,630
2024-05-29,202405,Cleveland,split,-0.2272727221074381,0.0729684907579295,17,27,603
2024-05-29,202405,Dallas,split,-0.4915254153978743,0.0851370850142322,15,44,693
2024-05-29,202405,Kansas City,split,-0.3898305018672796,0.0867647057547577,18,41,680
2024-05-29,202405,Minneapolis,split,0.087719296706679,0.0917874394657207,31,26,621
2024-05-29,202405,New York,split,-0.2363636320661158,0.0822122569772612,21,34,669
2024-05-29,202405,Philadelphia,split,-0.2222222160493829,0.0622837369164641,14,22,578
2024-05-29,202405,Richmond,split,-0.1578947326869807,0.0610932474902037,16,22,622
2024-05-29,202405,San Francisco,split,-0.1923076886094675,0.0836012860392262,21,31,622
2024-05-29,202405,St. Louis,split,-0.238095232426304,0.0767824495854068,16,26,547
2024-07-17,202407,Atlanta,split,-0.2328767091386752,0.1038406826403404,28,45,703
2024-07-17,202407,Boston,split,0.183673465639317,0.072164948347327,29,20,679
2024-07-17,202407,Chicago,split,-0.3877550941274471,0.0781499201305424,15,34,627
2024-07-17,202407,Cleveland,split,-0.2888888824691359,0.0702028080028037,16,29,641
2024-07-17,202407,Dallas,split,-0.5161290239334029,0.0933734938352808,15,47,664
2024-07-17,202407,Kansas City,split,-0.24999999609375,0.0903954800983114,24,40,708
2024-07-17,202407,Minneapolis,split,-0.0731707299226651,0.0718038527639162,19,22,571
2024-07-17,202407,New York,split,-0.3333333271604939,0.0828220857625428,18,36,652
2024-07-17,202407,Philadelphia,split,-0.1578947326869807,0.0583717357014259,16,22,651
2024-07-17,202407,Richmond,split,-0.3714285608163268,0.0512445094418089,11,24,683
2024-07-17,202407,San Francisco,split,-0.2075471658953365,0.0771470158993493,21,32,687
2024-07-17,202407,St. Louis,split,-0.0454545444214876,0.0808823527924956,21,23,544
2024-09-04,202408,Atlanta,split,-0.5820895435509024,0.0973837207886864,14,53,688
2024-09-04,202408,Boston,split,-0.1481481454046639,0.0826952525532997,23,31,653
2024-09-04,202408,Chicago,split,-0.0526315775623269,0.0655172412663495,18,20,580
2024-09-04,202408,Cleveland,split,-0.0566037725169099,0.080547112339594,25,28,658
2024-09-04,202408,Dallas,split,-0.4782608626339005,0.1131147539129266,18,51,610
2024-09-04,202408,Kansas City,split,-0.4461538392899409,0.0870147254524568,18,47,747
2024-09-04,202408,Minneapolis,split,-0.1627906938885885,0.0732538329246101,18,25,587
2024-09-04,202408,New York,split,-0.2830188625845498,0.0806697106839121,19,34,657
2024-09-04,202408,Philadelphia,split,-0.2727272644628102,0.0524642288514082,12,21,629
2024-09-04,202408,Richmond,split,-0.1428571403061225,0.0888888887477954,24,32,630
2024-09-04,202408,San Francisco,split,-0.2692307640532545,0.0791476406710081,19,33,657
2024-09-04,202408,St. Louis,split,-0.2499999947916668,0.0794701985439235,18,30,604
2024-10-23,202410,Atlanta,split,-0.5128205062458909,0.1142020496131741,19,59,683
2024-10-23,202410,Boston,split,0.1219512165377752,0.0665584414503921,23,18,616
2024-10-23,202410,Chicago,split,-0.022222221728395,0.0706436419613129,22,23,637
2024-10-23,202410,Cleveland,split,-0.1818181776859505,0.068322981260368,18,26,644
2024-10-23,202410,Dallas,split,-0.3142857097959184,0.1062215476385105,24,46,659
2024-10-23,202410,Kansas City,split,-0.4516128959417275,0.0858725760583482,17,45,722
2024-10-23,202410,Minneapolis,split,-0.0999999975,0.0648298216129176,18,22,617
2024-10-23,202410,New York,split,-0.4137930963139121,0.0856720825913263,17,41,677
2024-10-23,202410,Philadelphia,split,-0.3333333240740743,0.0547112461174601,12,24,658
2024-10-23,202410,Richmond,split,-0.1320754692061232,0.079341317246495,23,30,668
2024-10-23,202410,San Francisco,split,0.261538457514793,0.0974512742167147,41,24,667
2024-10-23,202410,St. Louis,split,-0.0847457612754955,0.0883233531611925,27,32,668
2024-12-04,202411,Atlanta,split,-0.1428571405895692,0.0925110130800132,27,36,681
2024-12-04,202411,Boston,split,-0.1333333311111111,0.0977198695476875,26,34,614
2024-12-04,202411,Chicago,split,-0.0270270262965668,0.0612582780442743,18,19,604
2024-12-04,202411,Cleveland,split,0.0857142832653062,0.0537634407776291,19,16,651
2024-12-04,202411,Dallas,split,-0.1212121193755739,0.0995475111620701,29,37,663
2024-12-04,202411,Kansas City,split,-0.2727272677685951,0.0805270862656997,20,35,683
2024-12-04,202411,Minneapolis,split,0.063829785875962,0.0744849444144454,25,22,631
2024-12-04,202411,New York,split,-0.2682926763831054,0.0632716048406302,15,26,648
2024-12-04,202411,Philadelphia,split,0.0588235276816609,0.0588235293099938,18,16,578
2024-12-04,202411,Richmond,split,-0.3478260793950852,0.0734824279976319,15,31,626
2024-12-04,202411,San Francisco,split,0.0399999992,0.0780031200031152,26,24,641
2024-12-04,202411,St. Louis,split,-0.2903225759625391,0.0914454275937383,22,40,678
2025-01-15,202501,Atlanta,split,-0.2499999937500001,0.0612557426320739,15,25,653
2025-01-15,202501,Boston,split,0.0,0.0673076921998274,21,21,624
2025-01-15,202501,Chicago,split,-0.1219512165377752,0.0686767168028865,18,23,597
2025-01-15,202501,Cleveland,split,0.4999999861111115,0.0597014924383059,27,9,603
2025-01-15,202501,Dallas,split,-0.103448274078478,0.0877458395041666,26,32,661
2025-01-15,202501,Kansas City,split,-0.1475409811878527,0.0806878305811007,26,35,756
2025-01-15,202501,Minneapolis,split,0.062499998046875,0.0527182865688331,17,15,607
2025-01-15,202501,New York,split,0.0344827580261593,0.0910518051945811,30,28,637
2025-01-15,202501,Philadelphia,split,-0.1904761859410432,0.0731707315798419,17,25,574
2025-01-15,202501,Richmond,split,-0.4999999886363639,0.0653789003486197,11,33,673
2025-01-15,202501,San Francisco,split,-0.0322580639958376,0.0861111109915123,30,32,720
2025-01-15,202501,St. Louis,split,-0.022222221728395,0.0847457625522678,22,23,531
2025-03-05,202502,Atlanta,split,-0.3571428507653063,0.0869565216041047,18,38,644
2025-03-05,202502,Boston,split,0.0999999983333333,0.0882352939878892,33,27,680
2025-03-05,202502,Chicago,split,-0.263157890120037,0.0914927767391769,21,36,623
2025-03-05,202502,Cleveland,split,-0.0454545444214876,0.0673813168952812,21,23,653
2025-03-05,202502,Dallas,split,-0.3749999941406251,0.0927536230539802,20,44,690
2025-03-05,202502,Kansas City,split,-0.2280701714373654,0.0791666665567129,22,35,720
2025-03-05,202502,Minneapolis,split,0.1320754692061232,0.0901360542684761,30,23,588
2025-03-05,202502,New York,split,-0.2258064479708637,0.0977917979530097,24,38,634
2025-03-05,202502,Philadelphia,split,-0.363636355371901,0.0685358254384177,14,30,642
2025-03-05,202502,Richmond,split,-0.55555554526749,0.087237479665206,12,42,619
2025-03-05,202502,San Francisco,split,0.1379310321046374,0.0786974218742233,33,25,737
2025-03-05,202502,St. Louis,split,-0.0943396208615166,0.0899830219185347,24,29,589
2025-04-23,202504,Atlanta,split,-0.538461530177515,0.0957290131138011,15,50,679
2025-04-23,202504,Boston,split,-0.4545454462809919,0.0851393187536543,15,40,646
2025-04-23,202504,Chicago,split,-0.2765957387958354,0.0813148787520503,17,30,578
2025-04-23,202504,Cleveland,split,-0.1794871748849442,0.0590015127700431,16,23,661
2025-04-23,202504,Dallas,split,-0.457142850612245,0.1060606058999081,19,51,660
2025-04-23,202504,Kansas City,split,-0.3636363581267218,0.0934844191310419,21,45,706
2025-04-23,202504,Minneapolis,split,-0.2452830142399431,0.0838607593609798,20,33,632
2025-04-23,202504,New York,split,-0.3793103382877528,0.0882800607484321,18,40,657
2025-04-23,202504,Philadelphia,split,-0.7187499887695314,0.092619392051202,9,55,691
2025-04-23,202504,Richmond,split,-0.3199999936000001,0.0775193797247761,17,33,645
2025-04-23,202504,San Francisco,split,-0.191489357627886,0.0632570658637186,19,28,743
2025-04-23,202504,St. Louis,split,-0.4482758543400715,0.0873493974588111,16,42,664
2025-06-04,202505,Atlanta,split,-0.4426229435635583,0.084840055514826,17,44,719
2025-06-04,202505,Boston,split,-0.3428571379591837,0.1051051049472896,23,47,666
2025-06-04,202505,Chicago,split,-0.3442622894383231,0.0934150075139127,20,41,653
2025-06-04,202505,Cleveland,split,-0.2571428497959186,0.0499286732525981,13,22,701
2025-06-04,202505,Dallas,split,-0.5624999912109376,0.0866035181507395,14,50,739
2025-06-04,202505,Kansas City,split,-0.2653061170345691,0.0677731672644907,18,31,723
2025-06-04,202505,Minneapolis,split,0.0,0.0778816198163837,25,25,642
2025-06-04,202505,New York,split,-0.4999999921875001,0.093979441859061,16,48,681
2025-06-04,202505,Philadelphia,split,-0.4230769149408285,0.0813771516723362,15,37,639
2025-06-04,202505,Richmond,split,-0.4838709521331951,0.0476923076189349,8,23,650
2025-06-04,202505,San Francisco,split,-0.4193548319458898,0.0879432622866053,18,44,705
2025-06-04,202505,St. Louis,split,-0.363636355371901,0.0791366905051498,14,30,556
2025-07-16,202507,Atlanta,split,-0.6727272604958681,0.0874403814190137,9,46,629
2025-07-16,202507,Boston,split,0.0980392137639369,0.0778625953009731,28,23,655
2025-07-16,202507,Chicago,split,-0.37037036351166,0.0875202591774388,17,37,617
2025-07-16,202507,Cleveland,split,-0.3877550941274471,0.0689170181871771,15,34,711
2025-07-16,202507,Dallas,split,-0.5454545371900827,0.0986547083727134,15,51,669
2025-07-16,202507,Kansas City,split,-0.1999999963636364,0.0870253163179979,22,33,632
2025-07-16,202507,Minneapolis,split,0.0740740727023319,0.087237479665206,29,25,619
2025-07-16,202507,New York,split,-0.5277777704475309,0.11009174295093,17,55,654
2025-07-16,202507,Philadelphia,split,-0.58730157797934,0.0921052630232379,13,50,684
2025-07-16,202507,Richmond,split,-0.2195121897679953,0.0613772454170999,16,25,668
2025-07-16,202507,San Francisco,split,-0.2499999955357143,0.0810419680448017,21,35,691
2025-07-16,202507,St. Louis,split,-0.2340425482118606,0.0807560136069484,18,29,582
2025-09-03,202508,Atlanta,split,-0.6716417810202719,0.0916552666324825,11,56,731
2025-09-03,202508,Boston,split,-0.0212765952919873,0.0694239289964196,23,24,677
2025-09-03,202508,Chicago,split,-0.0232558134126555,0.0677165353264306,21,22,635
2025-09-03,202508,Cleveland,split,-0.3684210429362883,0.05359661487504,12,26,709
2025-09-03,202508,Dallas,split,-0.3571428507653063,0.081277213234721,18,38,689
2025-09-03,202508,Kansas City,split,-0.1372548992695118,0.0744525546358357,22,29,685
2025-09-03,202508,Minneapolis,split,-0.3061224427321951,0.0833333331916099,17,32,588
2025-09-03,202508,New York,split,-0.4153846089940829,0.0975975974510546,19,46,666
2025-09-03,202508,Philadelphia,split,-0.2173912996219282,0.0721003133666139,18,28,638
2025-09-03,202508,Richmond,split,-0.04999999875,0.0636942674144995,19,21,628
2025-09-03,202508,San Francisco,split,-0.2999999950000001,0.084388185535319,21,39,711
2025-09-03,202508,St. Louis,split,-0.1818181776859505,0.071082390838316,18,26,619
2025-10-15,202510,Atlanta,split,-0.4339622559629763,0.078635014720126,15,38,674
2025-10-15,202510,Boston,split,-0.1428571403061225,0.0839580208636311,24,32,667
2025-10-15,202510,Chicago,split,-0.3170731629982155,0.0627871361978757,14,27,653
2025-10-15,202510,Cleveland,split,-0.3749999921875002,0.0719640178831124,15,33,667
2025-10-15,202510,Dallas,split,-0.4426229435635583,0.0910447759835152,17,44,670
2025-10-15,202510,Kansas City,split,-0.087719296706679,0.0874233127493507,26,31,652
2025-10-15,202510,Minneapolis,split,-0.2173912996219282,0.0773109242398135,18,28,595
2025-10-15,202510,New York,split,-0.2698412655580751,0.0915697673087648,23,40,688
2025-10-15,202510,Philadelphia,split,-0.4181818105785125,0.0789096125123248,16,39,697
2025-10-15,202510,Richmond,split,-0.3170731629982155,0.0642633227832863,14,27,638
2025-10-15,202510,San Francisco,split,-0.1666666638888889,0.0855920112901683,25,35,701
2025-10-15,202510,St. Louis,split,-0.4583333237847224,0.0784313724208637,13,35,612
2025-11-26,202511,Atlanta,split,-0.193548383975026,0.0843537413818316,25,37,735
2025-11-26,202511,Boston,split,-0.0322580639958376,0.0915805020803833,30,32,677
2025-11-26,202511,Chicago,split,-0.333333324786325,0.0613207546205648,13,26,636
2025-11-26,202511,Cleveland,split,-0.2941176412918109,0.0700549449587157,18,33,728
2025-11-26,202511,Dallas,split,-0.5333333244444446,0.0902255637740968,14,46,665
2025-11-26,202511,Kansas City,split,-0.1599999968,0.0749625186282421,21,29,667
2025-11-26,202511,Minneapolis,split,-0.1282051249178173,0.0728971961254258,17,22,535
2025-11-26,202511,New York,split,-0.3333333287037038,0.104499274158927,24,48,689
2025-11-26,202511,Philadelphia,split,-0.5862068864447089,0.087218044981627,12,46,665
2025-11-26,202511,Richmond,split,-0.0454545444214876,0.0696202530543983,21,23,632
2025-11-26,202511,San Francisco,split,0.0322580639958376,0.0903790086146078,32,30,686
2025-11-26,202511,St. Louis,split,-0.4181818105785125,0.0985663080670854,16,39,558
2026-01-14,202601,Atlanta,split,-0.2537313394965472,0.1032357471444749,25,42,649
2026-01-14,202601,Boston,split,0.1304347797731569,0.0694864047288725,26,20,662
2026-01-14,202601,Chicago,split,0.061224488546439,0.079159935251761,26,23,619
2026-01-14,202601,Cleveland,split,0.0526315780240074,0.0791666665567129,30,27,720
2026-01-14,202601,Dallas,split,-0.4374999931640626,0.0910384066983806,18,46,703
2026-01-14,202601,Kansas City,split,0.074626864557808,0.0961262552422865,36,31,697
2026-01-14,202601,Minneapolis,split,-0.1666666631944445,0.0814940575865975,20,28,589
2026-01-14,202601,New York,split,-0.4366197121602858,0.1064467764521037,20,51,667
2026-01-14,202601,Philadelphia,split,-0.2549019557862362,0.08159999986944,19,32,625
2026-01-14,202601,Richmond,split,-0.4042553105477593,0.0765472311456885,14,33,614
2026-01-14,202601,San Francisco,split,0.0357142850765306,0.0755735491557711,29,27,741
2026-01-14,202601,St. Louis,split,-0.020408162848813,0.0909090907404284,24,25,539
2026-03-04,202602,Atlanta,split,-0.1372548992695118,0.0711297070137661,22,29,717
2026-03-04,202602,Boston,split,-0.1111111095679012,0.1001390819191389,32,40,719
2026-03-04,202602,Chicago,split,-0.076923075443787,0.0781954886042173,24,28,665
2026-03-04,202602,Cleveland,split,-0.063829785875962,0.0626666665831111,22,25,750
2026-03-04,202602,Dallas,split,-0.2835820853196704,0.10166919559686,24,43,659
2026-03-04,202602,Kansas City,split,-0.2156862702806613,0.0760059611385902,20,31,671
2026-03-04,202602,Minneapolis,split,-0.2112676026582028,0.1069277106823377,28,43,664
2026-03-04,202602,New York,split,-0.2380952343159486,0.0902578795268511,24,39,698
2026-03-04,202602,Philadelphia,split,-0.4642857059948981,0.0954003405529806,15,41,587
2026-03-04,202602,Richmond,split,-0.1304347797731569,0.0741935482674297,20,26,620
2026-03-04,202602,San Francisco,split,-0.2698412655580751,0.0864197529678741,23,40,729
2026-03-04,202602,St. Louis,split,-0.3818181748760332,0.0895765470853802,17,38,614
2026-04-15,202604,Atlanta,split,-0.4545454462809919,0.0779036826092015,15,40,706
2026-04-15,202604,Boston,split,-0.2533333299555556,0.1066856328496648,28,47,703
2026-04-15,202604,Chicago,split,-0.2156862702806613,0.0809523808238851,20,31,630
2026-04-15,202604,Cleveland,split,-0.3333333274853802,0.078512396586071,19,38,726
2026-04-15,202604,Dallas,split,-0.6285714195918369,0.0988700563575281,13,57,708
2026-04-15,202604,Kansas City,split,-0.2727272677685951,0.0817236254357747,20,35,673
2026-04-15,202604,Minneapolis,split,-0.1272727249586777,0.0823353292180608,24,31,668
2026-04-15,202604,New York,split,-0.4242424178145088,0.0930888574145432,19,47,709
2026-04-15,202604,Philadelphia,split,-0.4035087648507234,0.0864946887913585,17,40,659
2026-04-15,202604,Richmond,split,-0.2105263102493076,0.0621931259211241,15,23,611
2026-04-15,202604,San Francisco,split,-0.18518518175583,0.0774748922848279,22,32,697
2026-04-15,202604,St. Louis,split,-0.0196078427527874,0.0841584157027088,25,26,606
2026-06-03,202605,Atlanta,split,-0.4153846089940829,0.0868983956057508,19,46,748
2026-06-03,202605,Boston,split,0.096774191987513,0.0879432622866053,34,28,705
2026-06-03,202605,Chicago,split,-0.1199999976,0.0750750749623497,22,28,666
2026-06-03,202605,Cleveland,split,-0.3333333253968256,0.0563758388505022,14,28,745
2026-06-03,202605,Dallas,split,-0.4285714224489797,0.0956284151699065,20,50,732
2026-06-03,202605,Kansas City,split,-0.1304347797731569,0.0668604650190981,20,26,688
2026-06-03,202605,Minneapolis,split,-0.1111111086419753,0.0743801651663137,20,25,605
2026-06-03,202605,New York,split,-0.2280701714373654,0.0818965516064704,22,35,696
2026-06-03,202605,Philadelphia,split,-0.1999999950000001,0.0632911391403621,16,24,632
2026-06-03,202605,Richmond,split,-0.2083333289930556,0.0710059170547249,19,29,676
2026-06-03,202605,San Francisco,split,0.0447761187346847,0.0931849790080876,35,32,719
2026-06-03,202605,St. Louis,split,-0.2876712289360105,0.0974632842490476,26,47,749
2026-07-15,202607,Atlanta,split,-0.2459016353130879,0.0847222221045524,23,38,720
2026-07-15,202607,Boston,split,0.1428571405895692,0.0907780978519047,36,27,694
2026-07-15,202607,Chicago,split,-0.3999999920000002,0.0750750749623497,15,35,666
2026-07-15,202607,Cleveland,split,-0.0270270262965668,0.0528571427816326,18,19,700
2026-07-15,202607,Dallas,split,-0.147058821366782,0.096317280316831,29,39,706
2026-07-15,202607,Kansas City,split,0.0724637670657425,0.0951724136618311,37,32,725
2026-07-15,202607,Minneapolis,split,0.1999999955555556,0.0705329152499484,27,18,638
2026-07-15,202607,New York,split,-0.3454545391735538,0.077464788623289,18,37,710
2026-07-15,202607,Philadelphia,split,-0.183673465639317,0.0749235472860496,20,29,654
2026-07-15,202607,Richmond,split,-0.2093023207138995,0.0645645644676207,17,26,666
2026-07-15,202607,San Francisco,split,-0.2542372838264867,0.0827489479905344,22,37,713
2026-07-15,202607,St. Louis,split,-0.2812499956054688,0.0911680910382221,23,41,702
